Column1,Column2,Net primary school enrolment ratio (%),Net primary school enrolment ratio (%)3,,,,,
Country,Year, Female, Male,,,,,
Albania,2003,95.4,97.5,,,,,
Algeria, 2007-2012,97,98,,,,,
Algeria,2011,97,98.4,,,,,
Algeria,2010,96.4,98.2,,,,,
Algeria,2009,96.7,98.4,,,,,
Algeria,2008,97.3,98.5,,,,,
Algeria,2007,96.6,98.2,,,,,
Algeria,2006,96.3,98.2,,,,,
Algeria,2005,96.1,98,,,,,
Algeria,2004,95.8,97.7,,,,,0.12
Algeria,2003,95,97,,,,,
Algeria,2002,94.5,96.8,,,,,
Algeria,2001,93.3,96.2,,,,,
Algeria,2000,91.5,94.5,,,,,
Algeria,1999,90.6,94.3,,,,,
Andorra, 2007-2012,77,77,,,,,
Andorra,2011,76.8,76.9,,,,,
Andorra,2010,79.4,78.4,,,,,
Andorra,2009,81.5,81.9,,,,,
Andorra,2008,82.9,83.7,,,,,
Andorra,2007,81.6,83.4,,,,,
Andorra,2006,81.8,82.9,,,,,
Andorra,2005,80.4,82.7,,,,,
Andorra,2004,80.2,84.4,,,,,
Andorra,2003,90.5,90.7,,,,,
Andorra,2002,89.2,88.9,,,,,
Angola, 2007-2012,78,93,,,,,
Angola,2010,78.2,93.1,,,,,
Angola,2009,80.7,91.8,,,,,
Angola,2008,80.7,90.9,,,,,
Antigua and Barbuda, 2007-2012,85,87,,,,,
Antigua and Barbuda,2011,84.7,87.2,,,,,
Antigua and Barbuda,2010,84.5,91.1,,,,,
Antigua and Barbuda,2009,88.5,92.5,,,,,
Antigua and Barbuda,2008,90,92,,,,,
Antigua and Barbuda,2007,88.8,91.5,,,,,
Argentina,2003,99,99.8,,,,,
Argentina,1999,99.1,99.8,,,,,
Armenia, 2007-2012,83,81,,,,,
Armenia,2011,82.5,80.8,,,,,
Armenia,2007,97.6,95,,,,,
Armenia,2006,93.1,90.4,,,,,
Armenia,2005,89.7,86.8,,,,,
Armenia,2004,86.6,85.3,,,,,
Armenia,2003,85.9,84.5,,,,,
Armenia,2002,87.8,86.1,,,,,
Australia, 2007-2012,98,97,,,,,
Australia,2010,97.5,96.9,,,,,
Australia,2009,97.5,96.9,,,,,
Australia,2008,97.4,96.6,,,,,
Australia,2007,97.2,96.5,,,,,
Australia,2006,95.7,94.9,,,,,
Australia,2005,95.6,94.9,,,,,
Australia,2004,95.4,94.7,,,,,
Australia,2003,95.3,94.6,,,,,
Australia,2002,95.3,94.6,,,,,
Australia,2001,94.8,94,,,,,
Australia,2000,95,94.2,,,,,
Australia,1999,94.9,94.2,,,,,
Azerbaijan, 2007-2012,86,88,,,,,
Azerbaijan,2011,86,88.4,,,,,
Azerbaijan,2010,84.1,85.3,,,,,
Azerbaijan,2009,84.7,86.2,,,,,
Azerbaijan,2008,83.6,84.3,,,,,
Azerbaijan,2007,83.1,83.8,,,,,
Azerbaijan,2006,80.8,86.5,,,,,
Azerbaijan,2005,81.5,86.3,,,,,
Azerbaijan,2004,82.7,85.8,,,,,
Azerbaijan,2003,80.9,85.7,,,,,
Azerbaijan,2002,83.9,85.9,,,,,
Azerbaijan,2001,84.8,86.1,,,,,
Azerbaijan,2000,88,88.5,,,,,
Azerbaijan,1999,89.3,88.1,,,,,
Bahamas,2006,96.2,94,,,,,
Bahamas,2005,96.8,94.8,,,,,
Bahamas,2004,92.6,91.3,,,,,
Bahamas,2000,86.7,88.2,,,,,
Bahamas,1999,90.5,92,,,,,
Bahrain,2006,99.6,99.1,,,,,
Bahrain,2005,96.2,99.5,,,,,
Bahrain,2002,98.1,99.6,,,,,
Bahrain,2001,99.9,99.1,,,,,
Bahrain,2000,99.8,97.2,,,,,
Bahrain,1999,99.8,98.4,,,,,
Barbados, 2007-2012,98,90,,,,,
Barbados,2007,97.5,89.8,,,,,
Barbados,2006,96.9,90.6,,,,,
Barbados,2005,94.6,87.8,,,,,
Barbados,2004,93.8,88.2,,,,,
Barbados,2003,95.6,89.1,,,,,
Barbados,2002,96.2,89.6,,,,,
Barbados,2001,97.3,90.9,,,,,
Barbados,2000,98,91.7,,,,,
Barbados,1999,98,92.9,,,,,
Belgium, 2007-2012,99,99,,,,,
Belgium,2010,99.2,98.9,,,,,
Belgium,2009,99.2,98.9,,,,,
Belgium,2008,99.2,98.8,,,,,
Belgium,2007,99.2,98.8,,,,,
Belgium,2006,99.1,98.8,,,,,
Belgium,2005,99.3,98.9,,,,,
Belgium,2004,99.2,98.9,,,,,
Belgium,2003,99.1,99,,,,,
Belgium,2002,99.3,99,,,,,
Belgium,2001,99.2,99.1,,,,,
Belgium,2000,99.4,99,,,,,
Belgium,1999,99.2,99,,,,,
Belize, 2007-2012,91,100,,,,,
Belize,2008,90.7,99.7,,,,,
Belize,2007,91.3,99.8,,,,,
Belize,2006,90.2,99.8,,,,,
Belize,2005,90.4,97.7,,,,,
Belize,2004,89.5,98.5,,,,,
Belize,2003,86.9,95.1,,,,,
Belize,2002,85.4,94.2,,,,,
Belize,2001,84.9,92.8,,,,,
Belize,2000,86.4,93.7,,,,,
Belize,1999,88.8,94.4,,,,,
Bhutan,2012,91.5,88.9,,,,,
Bhutan, 2007-2012,92,89,,,,,
Bhutan,2011,90.9,87.9,,,,,
Bhutan,2010,91.5,88.3,,,,,
Bhutan,2009,90.2,87.6,,,,,
Bhutan,2008,86,83.8,,,,,
Bhutan,2006,79.1,78.4,,,,,
Bhutan,2005,73.8,73.8,,,,,
Bhutan,2001,58.7,64.5,,,,,
Bhutan,2000,55.5,61.5,,,,,
Bhutan,1999,52.3,59.4,,,,,
Bolivia (Plurinational State of), 2007-2012,92,91,,,,,
Bolivia (Plurinational State of),2010,91.5,91.2,,,,,
Bolivia (Plurinational State of),2009,94.4,94.2,,,,,
Bolivia (Plurinational State of),2007,95.8,95.2,,,,,
Bolivia (Plurinational State of),2006,97,96.2,,,,,
Bolivia (Plurinational State of),2004,96.4,95.4,,,,,
Bolivia (Plurinational State of),2003,96.2,95.5,,,,,
Bolivia (Plurinational State of),2002,96,95.6,,,,,
Bolivia (Plurinational State of),2001,95.4,94.9,,,,,
Bolivia (Plurinational State of),2000,96.3,96.1,,,,,
Bolivia (Plurinational State of),1999,95.8,96,,,,,
Bosnia and Herzegovina, 2007-2012,91,89,,,,,
Bosnia and Herzegovina,2011,90.6,89.2,,,,,
Bosnia and Herzegovina,2010,88.4,86.5,,,,,
Bosnia and Herzegovina,2009,85,83,,,,,
Botswana, 2007-2012,88,87,,,,,
Botswana,2009,87.9,86.7,,,,,
Botswana,2008,86.9,85.1,,,,,
Botswana,2007,86.7,84.9,,,,,
Botswana,2006,87,85.2,,,,,
Botswana,2005,86.1,83.3,,,,,
Botswana,2004,85.1,85.1,,,,,
Botswana,2003,85.4,82.3,,,,,
Botswana,2002,84.9,82,,,,,
Botswana,2001,84.6,81.2,,,,,
Botswana,2000,82.8,79.3,,,,,
Botswana,1999,81.3,78,,,,,
Brazil,2005,96.8,94.5,,,,,
Brazil,2004,92.1,96.8,,,,,
Bulgaria, 2007-2012,100,99,,,,,
Bulgaria,2010,99.7,99.3,,,,,
Bulgaria,2009,99.7,98.9,,,,,
Bulgaria,2008,98.8,98.6,,,,,
Bulgaria,2007,96.8,97.1,,,,,
Bulgaria,2006,93.3,93.7,,,,,
Bulgaria,2005,94.1,94.3,,,,,
Bulgaria,2004,96.6,96.9,,,,,
Bulgaria,2003,96.8,97.1,,,,,
Bulgaria,2002,96.7,97.4,,,,,
Bulgaria,2001,97.5,99.1,,,,,
Bulgaria,2000,97.3,98.9,,,,,
Bulgaria,1999,97.6,99.2,,,,,
Burkina Faso, 2007-2012,61,65,,,,,
Burkina Faso,2011,61.1,65.2,,,,,
Burkina Faso,2010,55.9,60.7,,,,,
Burkina Faso,2009,57.7,65.1,,,,,
Burkina Faso,2008,54.2,62.7,,,,,
Burkina Faso,2007,47.8,57.2,,,,,
Burkina Faso,2006,42.5,52,,,,,
Burkina Faso,2005,38.7,48.5,,,,,
Burkina Faso,2004,34.6,44.6,,,,,
Burkina Faso,2003,31.6,42,,,,,
Burkina Faso,2002,30.1,40.7,,,,,
Burkina Faso,2001,29.7,41.2,,,,,
Burkina Faso,2000,28.6,40.3,,,,,
Burkina Faso,1999,27.3,39.2,,,,,
Burundi, 2007-2012,89,91,,,,,
Burundi,2007,88.7,90.8,,,,,
Burundi,2006,80.1,82.9,,,,,
Burundi,2005,60.1,66.1,,,,,
Burundi,2004,56,62.7,,,,,
Burundi,2003,52.4,62.5,,,,,
Burundi,2002,48.2,59.1,,,,,
Burundi,2001,49.2,59.3,,,,,
Burundi,2000,40.8,48.9,,,,,
Burundi,1999,34.2,40.9,,,,,
Cote d'Ivoire, 2007-2012,56,67,,,,,
Cote d'Ivoire,2009,55.8,67.1,,,,,
Cote d'Ivoire,2003,52.5,65.7,,,,,
Cote d'Ivoire,2002,52.5,71.7,,,,,
Cote d'Ivoire,2001,52.8,70.2,,,,,
Cote d'Ivoire,2000,48.2,65.5,,,,,
Cote d'Ivoire,1999,49.3,65.3,,,,,
Cabo Verde, 2007-2012,92,95,,,,,
Cabo Verde,2011,92.4,95.1,,,,,
Cabo Verde,2010,92.4,94.6,,,,,
Cabo Verde,2009,91.9,94.5,,,,,
Cabo Verde,2008,92.4,94.4,,,,,
Cabo Verde,2007,93.9,95.5,,,,,
Cabo Verde,2006,95.4,96.6,,,,,
Cabo Verde,2005,96.7,98,,,,,
Cabo Verde,2004,98,98.8,,,,,
Cabo Verde,2003,97.7,99.4,,,,,
Cabo Verde,2002,98.1,99.4,,,,,
Cabo Verde,2001,97.9,99.7,,,,,
Cambodia, 2007-2012,97,100,,,,,
Cambodia,2011,96.7,99.8,,,,,
Cambodia,2010,95.4,96.4,,,,,
Cambodia,2008,94,97.8,,,,,
Cambodia,2007,94.7,98.8,,,,,
Cambodia,2006,94.5,96.4,,,,,
Cambodia,2003,94.5,98.6,,,,,
Cambodia,2000,86,97,,,,,
Cambodia,1999,81.4,92.3,,,,,
Cameroon, 2007-2012,87,100,,,,,
Cameroon,2010,87.4,99.6,,,,,
Canada,1999,99.9,99.6,,,,,
Central African Republic, 2007-2012,60,78,,,,,
Central African Republic,2011,59.5,78.4,,,,,
Central African Republic,2010,60.6,81.3,,,,,
Central African Republic,2009,58,78.8,,,,,
Central African Republic,2008,57.5,77.9,,,,,
Central African Republic,2007,48.4,67.8,,,,,
Central African Republic,2006,41.5,57.7,,,,,
Central African Republic,2005,41.4,57,,,,,
Chad,2003,51.2,73.7,,,,,
Chad,2002,48.9,72,,,,,
Chad,2001,45.3,67.2,,,,,
Chad,2000,43.1,66,,,,,
Chad,1999,40.1,64.6,,,,,
Chile, 2007-2012,94,94,,,,,
Chile,2010,94.4,94.3,,,,,
Chile,2009,93.6,94,,,,,
Chile,2008,95.2,96.2,,,,,
Chile,2007,94.8,95.6,,,,,
Colombia, 2007-2012,90,90,,,,,
Colombia,2011,90,90.2,,,,,
Colombia,2010,91.3,91.7,,,,,
Colombia,2009,93.1,93.2,,,,,
Colombia,2008,93.7,93.6,,,,,
Colombia,2007,94.6,93.8,,,,,
Colombia,2006,95.6,95.1,,,,,
Colombia,2005,96.5,96.1,,,,,
Colombia,2002,92.5,93.6,,,,,
Colombia,2000,96.8,96.9,,,,,
Colombia,1999,96.4,95.3,,,,,
Comoros, 2007-2012,75,81,,,,,
Comoros,2007,74.8,80.7,,,,,
Comoros,2000,67.4,79.4,,,,,
Comoros,1999,60.2,71,,,,,
Congo, 2007-2012,90,95,,,,,
Congo,2011,90.3,94.7,,,,,
Congo,2010,89.3,92.3,,,,,
Congo,2006,53.9,59.5,,,,,
Congo,2005,57.8,48.1,,,,,
Cook Islands, 2007-2012,99,98,,,,,
Cook Islands,2010,99.3,97.6,,,,,
Cook Islands,2007,97.9,99.3,,,,,
Cook Islands,2000,95.9,93,,,,,
Cook Islands,1999,84.5,87.9,,,,,
Croatia, 2007-2012,97,95,,,,,
Croatia,2010,97,94.8,,,,,
Croatia,2009,93.5,92.9,,,,,
Croatia,2008,99.8,97.3,,,,,
Croatia,2007,99.9,98,,,,,
Croatia,2006,99.8,98.2,,,,,
Croatia,2005,99.9,98.1,,,,,
Croatia,2003,93,93.6,,,,,
Croatia,2002,92.9,93.6,,,,,
Croatia,2001,92.3,93.2,,,,,
Croatia,2000,92,92.8,,,,,
Croatia,1999,92,93,,,,,
Cuba, 2007-2012,98,98,,,,,
Cuba,2011,98.3,98.4,,,,,
Cuba,2010,99.7,100,,,,,
Cuba,2008,99.1,99.9,,,,,
Cuba,2007,98.2,99.4,,,,,
Cuba,2006,96.1,96.2,,,,,
Cuba,2005,94.7,95.7,,,,,
Cuba,2004,94,95.6,,,,,
Cuba,2003,94.3,95.3,,,,,
Cuba,2002,96.5,97.2,,,,,
Cuba,2001,97.1,97.9,,,,,
Cuba,2000,97.8,98.4,,,,,
Cuba,1999,98.5,99,,,,,
Cyprus, 2007-2012,100,99,,,,,
Cyprus,2010,99.5,99.1,,,,,
Cyprus,2009,98.8,99.4,,,,,
Cyprus,2008,98.7,99.2,,,,,
Cyprus,2007,99.2,99.4,,,,,
Cyprus,2006,99.5,99.5,,,,,
Cyprus,2005,99.7,99.6,,,,,
Cyprus,2004,98.7,98.8,,,,,
Cyprus,2003,98.8,98.5,,,,,
Cyprus,2002,98.8,98.2,,,,,
Cyprus,2001,97.8,97.3,,,,,
Cyprus,2000,98.4,97.8,,,,,
Cyprus,1999,98,98,,,,,
Democratic Republic of the Congo,1999,32.2,33.9,,,,,
Denmark, 2007-2012,97,95,,,,,
Denmark,2010,96.9,94.8,,,,,
Denmark,2009,97.1,94.9,,,,,
Denmark,2008,97.3,95,,,,,
Denmark,2007,97.6,96.1,,,,,
Denmark,2006,97.2,95.7,,,,,
Denmark,2005,96.7,95.4,,,,,
Denmark,2004,98.8,97.6,,,,,
Denmark,2000,98.5,97.7,,,,,
Denmark,1999,97.9,97.6,,,,,
Djibouti,2012,51,57.2,,,,,
Djibouti, 2007-2012,51,57,,,,,
Djibouti,2011,49.1,54.9,,,,,
Djibouti,2009,42.2,46.9,,,,,
Djibouti,2008,42.7,47.9,,,,,
Djibouti,2007,38.4,45,,,,,
Djibouti,2006,34.2,41.8,,,,,
Djibouti,2005,31,38.3,,,,,
Djibouti,2004,29.1,36.7,,,,,
Djibouti,2003,27.3,35.1,,,,,
Djibouti,2002,25.6,33.3,,,,,
Djibouti,2001,24.7,32.4,,,,,
Djibouti,2000,23.1,30.5,,,,,
Djibouti,1999,23,31.6,,,,,
Dominica, 2007-2012,97,96,,,,,
Dominica,2008,97.3,96.4,,,,,
Dominica,2007,94.6,94.7,,,,,
Dominica,2006,96.8,92.6,,,,,
Dominica,2005,97.5,94.6,,,,,
Dominican Republic, 2007-2012,91,93,,,,,
Dominican Republic,2011,91,93.3,,,,,
Dominican Republic,2010,90.4,95.5,,,,,
Dominican Republic,2009,91.3,99.3,,,,,
Dominican Republic,2008,86.6,85,,,,,
Dominican Republic,2007,90.1,88.5,,,,,
Dominican Republic,2006,84.6,81.4,,,,,
Dominican Republic,2005,85.3,83.5,,,,,
Dominican Republic,2004,83.6,81.8,,,,,
Dominican Republic,2003,85.1,90.1,,,,,
Dominican Republic,2002,88.6,92.6,,,,,
Dominican Republic,2000,85.3,84.3,,,,,
Dominican Republic,1999,84.5,83.3,,,,,
Ecuador,1999,99.9,98.5,,,,,
Egypt,2004,96,98.7,,,,,
Egypt,2003,94.2,98,,,,,
Egypt,2002,92.7,97.1,,,,,
Egypt,2001,91,96.2,,,,,
Egypt,2000,89.5,95.5,,,,,
Egypt,1999,88.4,95.2,,,,,
El Salvador, 2007-2012,96,96,,,,,
El Salvador,2011,95.9,95.8,,,,,
El Salvador,2010,95.5,95.2,,,,,
El Salvador,2009,95,94.1,,,,,
El Salvador,2008,95.2,94,,,,,
El Salvador,2007,95.3,94.1,,,,,
El Salvador,2006,95.6,94.5,,,,,
El Salvador,2005,95.8,94.4,,,,,
El Salvador,2004,94,92.6,,,,,
El Salvador,2003,89.1,88.3,,,,,
El Salvador,2002,88.8,87.6,,,,,
El Salvador,2001,86.5,85.4,,,,,
Equatorial Guinea, 2007-2012,59,59,,,,,
Equatorial Guinea,2011,58.8,59,,,,,
Equatorial Guinea,2010,56,56.5,,,,,
Equatorial Guinea,2009,55.4,56.3,,,,,
Equatorial Guinea,2008,55.1,56.6,,,,,
Equatorial Guinea,2003,68.7,76.2,,,,,
Equatorial Guinea,2002,68,79.7,,,,,
Equatorial Guinea,2001,70.7,81.2,,,,,
Eritrea, 2007-2012,34,40,,,,,
Eritrea,2011,34.2,39.6,,,,,
Eritrea,2010,32.5,37.2,,,,,
Eritrea,2009,34.6,39.5,,,,,
Eritrea,2008,37.5,43,,,,,
Eritrea,2007,40.9,46.4,,,,,
Eritrea,2006,45.2,51.8,,,,,
Eritrea,2005,45.9,53.5,,,,,
Eritrea,2004,45,52.9,,,,,
Eritrea,2003,43.5,51,,,,,
Eritrea,2002,40,47.1,,,,,
Eritrea,2001,36.4,42.2,,,,,
Eritrea,2000,35.2,40.7,,,,,
Eritrea,1999,30.8,35.6,,,,,
Estonia, 2007-2012,97,98,,,,,
Estonia,2010,97,97.7,,,,,
Estonia,2009,96,96.5,,,,,
Estonia,2008,96.6,96.4,,,,,
Estonia,2007,96.4,95.6,,,,,
Estonia,2006,97.3,96.8,,,,,
Estonia,2005,97.8,97,,,,,
Estonia,2004,97.8,96.7,,,,,
Estonia,2003,97.9,97.5,,,,,
Estonia,2001,99.8,100,,,,,
Estonia,2000,99.2,99.4,,,,,
Estonia,1999,98.2,98.4,,,,,
Ethiopia, 2007-2012,84,90,,,,,
Ethiopia,2011,84.4,90.4,,,,,
Ethiopia,2010,79.5,84.8,,,,,
Ethiopia,2009,80.8,85.9,,,,,
Ethiopia,2008,79.5,85.9,,,,,
Ethiopia,2007,72.3,78.5,,,,,
Ethiopia,2006,65.6,71.8,,,,,
Ethiopia,2005,59,66.4,,,,,
Ethiopia,2004,46.6,55,,,,,
Ethiopia,2003,42.3,52.5,,,,,
Ethiopia,2002,41,52,,,,,
Ethiopia,2001,38.7,50.2,,,,,
Ethiopia,2000,34.2,46.6,,,,,
Ethiopia,1999,29.9,43.3,,,,,
Fiji, 2007-2012,100,98,,,,,
Fiji,2011,100,98.1,,,,,
Fiji,2009,99.3,98.8,,,,,
Fiji,2007,99.5,98.8,,,,,
Fiji,2006,99.5,98.2,,,,,
Fiji,2004,99.3,99,,,,,
Fiji,2003,99.3,98.2,,,,,
Fiji,2001,97.7,97.5,,,,,
Fiji,2000,94.7,94.7,,,,,
Fiji,1999,94.6,94,,,,,
Finland, 2007-2012,98,98,,,,,
Finland,2010,97.9,97.7,,,,,
Finland,2009,97.7,97.5,,,,,
Finland,2008,97.7,97.6,,,,,
Finland,2007,97.7,97.2,,,,,
Finland,2006,97.2,96.7,,,,,
Finland,2005,97.6,97.5,,,,,
Finland,2004,97.8,98.1,,,,,
Finland,2003,98.8,99,,,,,
Finland,2002,99.6,99.6,,,,,
Finland,2001,99.8,99.7,,,,,
France, 2007-2012,99,99,,,,,
France,2010,99.3,99.1,,,,,
France,2006,99.3,99.1,,,,,
France,2005,99.5,99.1,,,,,
France,2004,99.8,99.3,,,,,
France,2003,99.8,99.4,,,,,
France,2002,99.8,99.4,,,,,
France,2001,99.8,99.5,,,,,
France,2000,99.8,99.5,,,,,
France,1999,99.8,99.7,,,,,
Gambia, 2007-2012,71,68,,,,,
Gambia,2011,71.3,67.9,,,,,
Gambia,2010,70.4,68.2,,,,,
Gambia,2009,75.6,71.8,,,,,
Gambia,2008,72.5,67.6,,,,,
Gambia,2007,75.7,71.8,,,,,
Gambia,2006,75.2,71.9,,,,,
Gambia,2005,70.7,67.4,,,,,
Gambia,2004,72.4,70.5,,,,,
Gambia,2003,70.7,71.3,,,,,
Gambia,2002,64.9,69.6,,,,,
Gambia,2001,66.6,71.4,,,,,
Gambia,2000,64.3,71.5,,,,,
Gambia,1999,65.1,74.8,,,,,
Georgia, 2007-2012,94,96,,,,,
Georgia,2007,94.2,96.3,,,,,
Georgia,2006,95.2,94,,,,,
Georgia,2005,89.5,91.5,,,,,
Georgia,2004,88.3,92.1,,,,,
Germany,1999,99.6,99.6,,,,,
Ghana,2012,81.7,83.5,,,,,
Ghana, 2007-2012,82,84,,,,,
Ghana,2011,84.8,83.9,,,,,
Ghana,2009,77.4,76.6,,,,,
Ghana,2008,78.9,77.8,,,,,
Ghana,2007,73,72.3,,,,,
Ghana,2006,67.6,66.7,,,,,
Ghana,2005,67.2,67.6,,,,,
Ghana,2004,60.7,60,,,,,
Ghana,2003,65,64.5,,,,,
Ghana,2002,62.1,62.4,,,,,
Ghana,2001,59.4,60,,,,,
Ghana,2000,64.2,65.7,,,,,
Ghana,1999,60.4,62.5,,,,,
Greece, 2007-2012,99,99,,,,,
Greece,2010,99.3,98.8,,,,,
Greece,2007,98.7,98.3,,,,,
Greece,2006,98.8,98.7,,,,,
Greece,2005,99.2,99.3,,,,,
Greece,2003,99.6,99.5,,,,,
Greece,2002,98.4,98.5,,,,,
Greece,2001,97.2,96.8,,,,,
Greece,2000,97.9,97.6,,,,,
Greece,1999,96.5,96,,,,,
Grenada, 2007-2012,99,96,,,,,
Grenada,2009,99.3,95.7,,,,,
Grenada,2008,96.6,95.2,,,,,
Grenada,2007,94,93,,,,,
Grenada,2004,98.7,98.5,,,,,
Grenada,2001,86.4,95,,,,,
Grenada,2000,79.8,86.6,,,,,
Guatemala, 2007-2012,98,99,,,,,
Guatemala,2010,97.5,98.6,,,,,
Guatemala,2009,97.6,99.6,,,,,
Guatemala,2008,95.3,98.3,,,,,
Guatemala,2007,95.5,99,,,,,
Guatemala,2006,94.4,98.4,,,,,
Guatemala,2005,92.9,97.2,,,,,
Guatemala,2004,91.3,96.1,,,,,
Guatemala,2003,88.9,94,,,,,
Guatemala,2002,86.5,91.9,,,,,
Guatemala,2001,82.7,89,,,,,
Guatemala,2000,83.4,90,,,,,
Guatemala,1999,80.1,87.7,,,,,
Guinea, 2007-2012,78,89,,,,,
Guinea,2011,77.9,88.9,,,,,
Guinea,2010,72.1,85.2,,,,,
Guinea,2009,70.4,81.1,,,,,
Guinea,2008,68.5,79.1,,,,,
Guinea,2007,69.2,79.7,,,,,
Guinea,2006,66.5,77.2,,,,,
Guinea,2005,62.9,75,,,,,
Guinea,2004,59.8,72.9,,,,,
Guinea,2003,55.9,69.6,,,,,
Guinea,2002,51.5,65.8,,,,,
Guinea,2001,43.9,57.4,,,,,
Guinea,2000,39.8,53.8,,,,,
Guinea,1999,35.4,51.2,,,,,
Guinea-Bissau, 2007-2012,73,77,,,,,
Guinea-Bissau,2010,73.3,76.7,,,,,
Guinea-Bissau,2000,42.6,59.7,,,,,
Guinea-Bissau,1999,41.9,58.8,,,,,
Guyana, 2007-2012,85,81,,,,,
Guyana,2011,84.5,81,,,,,
Guyana,2010,85.9,82.4,,,,,
Guyana,2009,83.3,80.2,,,,,
Guyana,2008,90.5,86.7,,,,,
Guyana,2003,98.4,98.1,,,,,
Honduras, 2007-2012,98,97,,,,,
Honduras,2011,98,96.5,,,,,
Honduras,2010,97,94.8,,,,,
Honduras,2009,97.5,95.5,,,,,
Honduras,2008,97.1,95.1,,,,,
Honduras,2007,93.9,92.4,,,,,
Honduras,2006,97.1,95.3,,,,,
Honduras,2005,93.1,91.3,,,,,
Honduras,2004,96.8,94.9,,,,,
Honduras,2000,89.2,88.4,,,,,
Hungary, 2007-2012,98,98,,,,,
Hungary,2010,98.3,97.8,,,,,
Hungary,2009,98.1,97.8,,,,,
Hungary,2008,97.2,97.4,,,,,
Hungary,2007,96.1,96.4,,,,,
Hungary,2006,96.7,96.8,,,,,
Hungary,2005,96.5,96.7,,,,,
Hungary,2004,96.3,96,,,,,
Hungary,2003,96.8,96.6,,,,,
Hungary,2002,98.2,97.7,,,,,
Hungary,2001,98.1,97.6,,,,,
Hungary,2000,97.7,97.3,,,,,
Hungary,1999,97,96.9,,,,,
Iceland, 2007-2012,99,99,,,,,
Iceland,2010,99.2,98.8,,,,,
Iceland,2009,99.6,99.3,,,,,
Iceland,2008,99,98.6,,,,,
Iceland,2007,98.3,97.8,,,,,
Iceland,2006,97.4,98.5,,,,,
Iceland,2005,96.7,99,,,,,
Iceland,2004,96.8,98.9,,,,,
Iceland,2003,98.5,100,,,,,
Iceland,2001,99.1,100,,,,,
Iceland,2000,98.3,100,,,,,
India, 2007-2012,98,99,,,,,
India,2008,97.6,98.6,,,,,
India,2007,94.2,97.8,,,,,
India,2006,92.6,96.9,,,,,
India,2005,92.3,96.4,,,,,
India,2004,93.5,96.4,,,,,
India,2003,86.2,89.7,,,,,
India,2002,76.7,88.9,,,,,
India,2001,76.4,89.6,,,,,
India,2000,75.9,90.4,,,,,
Indonesia,2005,93.5,96.7,,,,,
Indonesia,2004,95.4,97.3,,,,,
Indonesia,2003,95,96.7,,,,,
Indonesia,2002,94.9,95.7,,,,,
Indonesia,2001,94.5,95.8,,,,,
Indonesia,2000,92.3,95.6,,,,,
Iran (Islamic Republic of),2005,95.7,97.6,,,,,
Iran (Islamic Republic of),2004,95.1,98.1,,,,,
Iran (Islamic Republic of),2003,91.7,95.1,,,,,
Iran (Islamic Republic of),2002,91.9,96.1,,,,,
Iran (Islamic Republic of),2000,84.2,87.1,,,,,
Iran (Islamic Republic of),1999,84.7,88.2,,,,,
Iraq, 2007-2012,84,95,,,,,
Iraq,2007,83.7,94.5,,,,,
Iraq,2004,84.8,96.8,,,,,
Iraq,2003,86.5,98.1,,,,,
Iraq,2001,80.6,92.9,,,,,
Iraq,2000,81,93.4,,,,,
Iraq,1999,82.1,94.8,,,,,
Ireland, 2007-2012,100,99,,,,,
Ireland,2010,100,99.4,,,,,
Ireland,2001,99.2,98.9,,,,,
Ireland,2000,99.9,99.7,,,,,
Israel, 2007-2012,98,97,,,,,
Israel,2010,97.8,97,,,,,
Israel,2009,97.3,96.7,,,,,
Israel,2008,97.7,96.9,,,,,
Israel,2007,97.8,96.8,,,,,
Israel,2006,97.5,96.6,,,,,
Israel,2005,97.9,97.2,,,,,
Israel,2004,98,97.4,,,,,
Israel,2003,98.2,98,,,,,
Israel,2002,98.1,97.9,,,,,
Israel,2001,98.4,98.2,,,,,
Israel,2000,97.6,98.1,,,,,
Israel,1999,97.4,97.8,,,,,
Italy, 2007-2012,99,100,,,,,
Italy,2010,98.5,99.6,,,,,
Italy,2009,99.2,99.6,,,,,
Italy,2008,99.4,99.6,,,,,
Italy,2007,99.3,99.7,,,,,
Italy,2006,99,99.7,,,,,
Italy,2005,98.9,99.7,,,,,
Italy,2004,98.9,99.4,,,,,
Italy,2003,99.1,99.8,,,,,
Italy,2002,99.3,99.7,,,,,
Italy,2001,99.5,99.8,,,,,
Italy,2000,99.7,99.8,,,,,
Jamaica, 2007-2012,81,83,,,,,
Jamaica,2010,81.4,83.4,,,,,
Jamaica,2009,81.9,83.8,,,,,
Jamaica,2008,81.7,83.9,,,,,
Jamaica,2007,80.6,81.9,,,,,
Jamaica,2005,88.3,89.7,,,,,
Jamaica,2004,91.5,91.7,,,,,
Jamaica,2003,90.7,90.5,,,,,
Jamaica,2002,92.4,92.2,,,,,
Jamaica,2001,92.9,93.2,,,,,
Jamaica,2000,93.7,94,,,,,
Jamaica,1999,92.6,92.8,,,,,
Jordan, 2007-2012,91,91,,,,,
Jordan,2010,90.7,90.8,,,,,
Jordan,2008,94.7,93.1,,,,,
Jordan,2007,97.4,95.3,,,,,
Jordan,2000,95.3,93.9,,,,,
Jordan,1999,92.9,91.6,,,,,
Kazakhstan,2012,99.6,99.6,,,,,
Kazakhstan, 2007-2012,100,100,,,,,
Kazakhstan,2011,99.7,99.4,,,,,
Kazakhstan,2009,99.6,98.9,,,,,
Kazakhstan,2008,99.5,98.4,,,,,
Kazakhstan,2007,99.4,98.2,,,,,
Kazakhstan,2006,99.3,97.4,,,,,
Kazakhstan,2005,99.3,97.8,,,,,
Kazakhstan,2004,99.2,98,,,,,
Kazakhstan,2003,99.2,97.8,,,,,
Kazakhstan,2002,99.1,98,,,,,
Kazakhstan,2001,97.8,96.7,,,,,
Kazakhstan,2000,95.3,92.8,,,,,
Kenya, 2007-2012,85,84,,,,,
Kenya,2009,84.5,83.5,,,,,
Kenya,2008,83.4,82.3,,,,,
Kenya,2007,87,87,,,,,
Kenya,2006,76.5,75.2,,,,,
Kenya,2005,76.2,75.7,,,,,
Kenya,2004,74.1,74,,,,,
Kenya,2003,75,74.7,,,,,
Kenya,2002,62.8,62,,,,,
Kenya,2001,68.1,66.3,,,,,
Kenya,2000,66.7,64.7,,,,,
Kenya,1999,63.1,62.1,,,,,
Kuwait, 2007-2012,100,97,,,,,
Kuwait,2008,100,96.6,,,,,
Kuwait,2007,99.2,96.4,,,,,
Kuwait,2005,100,98,,,,,
Kuwait,2002,99.7,99.9,,,,,
Kuwait,2001,97.5,94.9,,,,,
Kuwait,2000,96.5,94.9,,,,,
Kuwait,1999,98.9,97.5,,,,,
Kyrgyzstan, 2007-2012,96,96,,,,,
Kyrgyzstan,2011,95.8,96.3,,,,,
Kyrgyzstan,2010,95.1,95.5,,,,,
Kyrgyzstan,2009,94.1,93.7,,,,,
Kyrgyzstan,2008,94.3,94.2,,,,,
Kyrgyzstan,2007,95,94.8,,,,,
Kyrgyzstan,2006,96.3,96.3,,,,,
Kyrgyzstan,2005,95.6,95.3,,,,,
Kyrgyzstan,2004,98.1,97.7,,,,,
Kyrgyzstan,2003,92.9,93.5,,,,,
Kyrgyzstan,2002,92.7,93.6,,,,,
Kyrgyzstan,2001,92.6,93.5,,,,,
Kyrgyzstan,2000,92.2,92.5,,,,,
Kyrgyzstan,1999,92.8,93.1,,,,,
Lao People's Democratic Republic, 2007-2012,96,98,,,,,
Lao People's Democratic Republic,2011,96.4,98.2,,,,,
Lao People's Democratic Republic,2010,95.4,98.1,,,,,
Lao People's Democratic Republic,2009,90.2,92.9,,,,,
Lao People's Democratic Republic,2008,87,90.8,,,,,
Lao People's Democratic Republic,2007,84.1,88.6,,,,,
Lao People's Democratic Republic,2006,81.4,86.3,,,,,
Lao People's Democratic Republic,2005,80.2,84.9,,,,,
Lao People's Democratic Republic,2004,79,84.1,,,,,
Lao People's Democratic Republic,2003,77.9,84.2,,,,,
Lao People's Democratic Republic,2002,75.3,81.7,,,,,
Lao People's Democratic Republic,2001,74.3,80.5,,,,,
Lao People's Democratic Republic,2000,74.7,81.3,,,,,
Lao People's Democratic Republic,1999,73.8,80.5,,,,,
Latvia, 2007-2012,97,95,,,,,
Latvia,2011,96.5,95,,,,,
Latvia,2010,96.8,95,,,,,
Latvia,2009,95.1,94.1,,,,,
Latvia,2008,94.3,94.3,,,,,
Latvia,1999,93.4,94.3,,,,,
Lebanon, 2007-2012,97,97,,,,,
Lebanon,2011,96.8,97.3,,,,,
Lebanon,2010,92.9,93.5,,,,,
Lebanon,2009,89.1,90.3,,,,,
Lebanon,2008,88,88.4,,,,,
Lebanon,2007,87.7,88.1,,,,,
Lebanon,2006,87.6,88,,,,,
Lebanon,1999,92.8,95.4,,,,,
Lesotho, 2007-2012,76,73,,,,,
Lesotho,2011,75.9,73.1,,,,,
Lesotho,2010,75.3,72.2,,,,,
Lesotho,2009,74.3,70.2,,,,,
Lesotho,2008,73.8,70.6,,,,,
Lesotho,2007,72.7,69.6,,,,,
Lesotho,2006,72.4,69.2,,,,,
Lesotho,2005,75.6,71.3,,,,,
Lesotho,2004,76.5,71.9,,,,,
Lesotho,2003,79.1,73.8,,,,,
Lesotho,2002,79.1,73.6,,,,,
Lesotho,2001,79.1,73.1,,,,,
Lesotho,2000,79.2,73.3,,,,,
Lesotho,1999,59.7,53.1,,,,,
Liberia, 2007-2012,40,42,,,,,
Liberia,2011,39.9,42.3,,,,,
Liberia,2009,39.1,42.5,,,,,
Liberia,2008,42.1,44.9,,,,,
Liberia,2006,36.3,36.4,,,,,
Liberia,1999,40.5,52.3,,,,,
Lithuania, 2007-2012,94,94,,,,,
Lithuania,2011,93.5,93.6,,,,,
Lithuania,2010,95.8,95.6,,,,,
Lithuania,2009,96.9,96.5,,,,,
Lithuania,2008,96.1,96.1,,,,,
Lithuania,2007,94.7,94.1,,,,,
Lithuania,2006,92.5,92,,,,,
Lithuania,2005,91.5,90.4,,,,,
Lithuania,2004,91.8,91.7,,,,,
Lithuania,2003,95,94.5,,,,,
Lithuania,2002,97.8,97.9,,,,,
Lithuania,2001,98.1,98.2,,,,,
Lithuania,2000,98.2,97.8,,,,,
Lithuania,1999,96.8,96.6,,,,,
Luxembourg, 2007-2012,96,94,,,,,
Luxembourg,2010,95.7,93.6,,,,,
Luxembourg,2008,97.6,96.1,,,,,
Luxembourg,2007,98.4,97.3,,,,,
Luxembourg,2006,98.8,97.8,,,,,
Luxembourg,2005,98.6,97.8,,,,,
Luxembourg,2004,97.3,96.9,,,,,
Luxembourg,2003,96.6,96.2,,,,,
Luxembourg,2002,97.5,97.2,,,,,
Luxembourg,2001,97.2,96.7,,,,,
Luxembourg,2000,98.1,96,,,,,
Luxembourg,1999,97.9,96,,,,,
Madagascar,2003,79.8,79.3,,,,,
Madagascar,2002,70,69.1,,,,,
Madagascar,2001,69.1,68.3,,,,,
Madagascar,2000,67.6,66.8,,,,,
Madagascar,1999,65.9,65.3,,,,,
Malawi, 2007-2012,98,91,,,,,
Malawi,2007,97.6,91,,,,,
Malaysia,2005,95.9,95.9,,,,,
Malaysia,2004,96.5,96.6,,,,,
Malaysia,2003,94.8,95.1,,,,,
Malaysia,2002,95,95.2,,,,,
Malaysia,2001,96.8,96.8,,,,,
Malaysia,2000,97.8,97.8,,,,,
Malaysia,1999,94.4,95.8,,,,,
Maldives, 2007-2012,95,94,,,,,
Maldives,2011,95.1,94.1,,,,,
Maldives,2010,96.5,96.5,,,,,
Maldives,2008,97.2,97.2,,,,,
Maldives,2007,97.6,96.7,,,,,
Maldives,2006,98.1,98,,,,,
Maldives,2005,98.4,97.6,,,,,
Maldives,2002,98.6,96.7,,,,,
Maldives,2001,98.7,96.8,,,,,
Maldives,2000,99.2,98,,,,,
Maldives,1999,98,97.5,,,,,
Mali, 2007-2012,63,72,,,,,
Mali,2011,62.6,71.6,,,,,
Mali,2010,60.8,70.6,,,,,
Mali,2009,59.2,69.7,,,,,
Mali,2007,52.3,62.7,,,,,
Mali,2006,50.2,60.9,,,,,
Mali,2005,48.5,60.2,,,,,
Mali,2004,45.7,53.5,,,,,
Mali,2003,43.4,55.6,,,,,
Mali,2002,43.4,55.5,,,,,
Mali,1999,35.5,48.7,,,,,
Malta, 2007-2012,94,93,,,,,
Malta,2010,94.3,93.3,,,,,
Malta,2009,89.3,88.5,,,,,
Malta,2008,92.4,91.4,,,,,
Malta,2007,91.5,91.4,,,,,
Malta,2005,89.3,90.9,,,,,
Malta,2004,92.1,93.2,,,,,
Malta,2003,91.6,92.7,,,,,
Malta,2002,92.2,92.7,,,,,
Malta,2001,93.1,93.1,,,,,
Malta,2000,94.4,93.1,,,,,
Malta,1999,94.2,92.9,,,,,
Marshall Islands,2002,97.5,98.7,,,,,
Mauritania, 2007-2012,77,73,,,,,
Mauritania,2011,77.4,73.3,,,,,
Mauritania,2010,76,72.8,,,,,
Mauritania,2009,75.2,72.2,,,,,
Mauritania,2008,76,72.4,,,,,
Mauritania,2007,78.9,76.1,,,,,
Mauritania,2006,77.4,75.4,,,,,
Mauritania,2005,74.5,72.3,,,,,
Mauritania,2004,75.2,73.9,,,,,
Mauritania,2003,67.4,67.2,,,,,
Mauritania,2002,65.5,66.5,,,,,
Mauritania,2001,63.3,65.8,,,,,
Mauritania,2000,60.2,62,,,,,
Mauritania,1999,59.9,61.7,,,,,
Mexico, 2007-2012,100,99,,,,,
Mexico,2011,99.9,99.1,,,,,
Mexico,2010,99.9,99.2,,,,,
Mexico,2009,99.8,99.4,,,,,
Mexico,2008,99.6,99.4,,,,,
Mexico,2007,99.6,99.3,,,,,
Mexico,2006,99.8,99.5,,,,,
Mexico,2005,99.8,99.3,,,,,
Mexico,2004,99.9,99.2,,,,,
Mexico,2003,99.9,99.2,,,,,
Mexico,2002,99.9,99.1,,,,,
Mexico,2001,99.9,99,,,,,
Mexico,2000,99.9,99.1,,,,,
Mexico,1999,99.9,99.3,,,,,
Mongolia, 2007-2012,98,99,,,,,
Mongolia,2011,98.2,99.4,,,,,
Mongolia,2010,98.5,99.6,,,,,
Mongolia,2009,96.9,97.3,,,,,
Mongolia,2008,96.7,97,,,,,
Mongolia,2007,94.3,93.8,,,,,
Mongolia,2006,95.5,94.1,,,,,
Mongolia,2005,91.4,90.1,,,,,
Mongolia,2004,92.2,92.2,,,,,
Mongolia,2003,86.1,85,,,,,
Mongolia,2002,93.6,91.6,,,,,
Mongolia,2001,94.6,92.1,,,,,
Mongolia,2000,92.8,90.9,,,,,
Mongolia,1999,90.5,88.7,,,,,
Montenegro,2012,95,94.1,,,,,
Montenegro, 2007-2012,95,94,,,,,
Montenegro,2011,95.4,96.7,,,,,
Morocco,2005,85.4,90,,,,,
Morocco,2004,84.6,89.2,,,,,
Morocco,2003,84.5,89.6,,,,,
Morocco,2002,82.5,88.4,,,,,
Morocco,2001,77.1,84.3,,,,,
Morocco,2000,71.6,80.7,,,,,
Morocco,1999,65.5,76.3,,,,,
Mozambique, 2007-2012,88,92,,,,,
Mozambique,2011,87.6,92.1,,,,,
Mozambique,2010,89.4,94.6,,,,,
Mozambique,2009,87.9,93.1,,,,,
Mozambique,2008,86.2,92.4,,,,,
Mozambique,2007,82.4,89.2,,,,,
Mozambique,2006,76.9,83.7,,,,,
Mozambique,2005,72.3,79.6,,,,,
Mozambique,2004,66.5,74.2,,,,,
Mozambique,2002,52.6,60.3,,,,,
Mozambique,2001,55.1,66.1,,,,,
Mozambique,2000,50.2,61.8,,,,,
Mozambique,1999,46,58.1,,,,,
Namibia, 2007-2012,89,84,,,,,
Namibia,2010,88.5,83.8,,,,,
Namibia,2009,88.9,83.9,,,,,
Namibia,2008,89.3,84.1,,,,,
Namibia,2007,90.8,84.7,,,,,
Namibia,2006,89.9,83.7,,,,,
Namibia,2005,91.7,85.2,,,,,
Namibia,2004,92,85.5,,,,,
Namibia,2003,94.6,88.1,,,,,
Namibia,2002,95,88.4,,,,,
Namibia,2001,93.5,87.3,,,,,
Namibia,2000,92.7,86.5,,,,,
Namibia,1999,91.6,84.9,,,,,
Nepal,2000,64,77.9,,,,,
Nepal,1999,57,72.7,,,,,
Netherlands, 2007-2012,99,100,,,,,
Netherlands,2007,98.9,99.9,,,,,
Netherlands,2006,97.9,99.2,,,,,
Netherlands,2005,97.2,98.5,,,,,
Netherlands,2004,97,98.6,,,,,
Netherlands,2003,97.8,99.1,,,,,
Netherlands,2000,98.8,100,,,,,
Netherlands,1999,98.7,100,,,,,
New Zealand, 2007-2012,100,99,,,,,
New Zealand,2010,99.6,99.3,,,,,
New Zealand,2009,99.6,99.4,,,,,
New Zealand,2008,99.5,99.7,,,,,
New Zealand,2007,99.4,99.6,,,,,
New Zealand,2006,98.8,99.5,,,,,
New Zealand,2005,98.7,99.5,,,,,
New Zealand,2004,98,98.7,,,,,
New Zealand,2003,98,98.3,,,,,
New Zealand,2002,98.7,99.1,,,,,
New Zealand,2001,97.1,97.6,,,,,
New Zealand,2000,99.1,98.8,,,,,
New Zealand,1999,99.5,99.5,,,,,
Nicaragua, 2007-2012,95,93,,,,,
Nicaragua,2010,94.5,93.2,,,,,
Nicaragua,2008,94.8,94,,,,,
Nicaragua,2007,93.5,92.7,,,,,
Nicaragua,2006,93.2,92.5,,,,,
Nicaragua,2005,94.6,94.5,,,,,
Nicaragua,2004,93.9,93.5,,,,,
Nicaragua,2003,92.4,91.7,,,,,
Nicaragua,2002,91.9,91.2,,,,,
Nicaragua,2001,86.6,85.2,,,,,
Nicaragua,2000,84.1,82.4,,,,,
Nicaragua,1999,82,80.6,,,,,
Niger, 2007-2012,57,70,,,,,
Niger,2011,57.4,69.7,,,,,
Niger,2010,52,64.2,,,,,
Niger,2009,47.4,59.5,,,,,
Niger,2008,43.1,55.2,,,,,
Niger,2007,38.7,51.7,,,,,
Niger,2006,37,50.2,,,,,
Niger,2005,35.2,48.6,,,,,
Niger,2004,34.5,48.9,,,,,
Niger,2003,31.4,44.6,,,,,
Niger,2002,27.9,40.4,,,,,
Niger,2001,25,36.1,,,,,
Niger,2000,22.3,31.6,,,,,
Niger,1999,21.2,31.3,,,,,
Nigeria, 2007-2012,55,60,,,,,
Nigeria,2010,54.8,60.1,,,,,
Nigeria,2009,54.3,60.4,,,,,
Nigeria,2008,55.4,62,,,,,
Nigeria,2007,61.2,68.8,,,,,
Nigeria,2006,63.9,71.6,,,,,
Nigeria,2005,62.6,71.5,,,,,
Nigeria,2004,61.8,71.1,,,,,
Nigeria,2000,58.9,70,,,,,
Nigeria,1999,55.8,66.7,,,,,
Niue,1999,98.4,98.6,,,,,
Norway, 2007-2012,99,99,,,,,
Norway,2010,99.2,99.1,,,,,
Norway,2009,99.1,98.8,,,,,
Norway,2008,99.2,98.9,,,,,
Norway,2007,99,98.8,,,,,
Norway,2006,99,98.3,,,,,
Norway,2005,98.8,98.5,,,,,
Norway,2004,99.5,99.4,,,,,
Norway,2003,99.9,99.8,,,,,
Norway,2002,99.9,99.6,,,,,
Norway,2001,99.8,99.7,,,,,
Norway,2000,99.8,99.6,,,,,
Norway,1999,99.7,99.9,,,,,
Oman, 2007-2012,97,98,,,,,
Oman,2011,96.8,98.4,,,,,
Oman,2009,96.8,99.5,,,,,
Oman,2003,86.3,88.3,,,,,
Oman,2002,87.4,87.2,,,,,
Oman,2001,86.4,84.2,,,,,
Oman,2000,83.5,81.3,,,,,
Oman,1999,81.4,79.3,,,,,
Pakistan, 2007-2012,65,79,,,,,
Pakistan,2011,65,79,,,,,
Pakistan,2010,66.5,81.3,,,,,
Pakistan,2009,64.5,78.5,,,,,
Pakistan,2008,62.1,76.3,,,,,
Pakistan,2007,60.6,75.1,,,,,
Pakistan,2006,54.7,71.1,,,,,
Pakistan,2005,55.8,74.4,,,,,
Pakistan,2004,52.8,73.4,,,,,
Pakistan,2003,48.2,67.5,,,,,
Pakistan,2001,46.3,68.9,,,,,
Palau,2000,94.5,98.3,,,,,
Palau,1999,93.9,99.4,,,,,
Panama, 2007-2012,97,98,,,,,
Panama,2011,97.4,97.6,,,,,
Panama,2010,98.2,99.1,,,,,
Panama,2009,96.8,97.5,,,,,
Panama,2008,98.5,99.2,,,,,
Panama,2007,98.7,99.2,,,,,
Panama,2006,98.8,99.3,,,,,
Panama,2005,98.8,99.3,,,,,
Panama,2004,98.6,99,,,,,
Panama,2002,98.6,99.4,,,,,
Panama,2001,99,99.3,,,,,
Panama,2000,98.6,98.7,,,,,
Panama,1999,96,96.4,,,,,
Paraguay, 2007-2012,84,84,,,,,
Paraguay,2010,83.9,84.4,,,,,
Paraguay,2009,85.7,85.7,,,,,
Paraguay,2008,88.1,88.2,,,,,
Paraguay,2007,90.9,90.7,,,,,
Paraguay,2006,93.5,93,,,,,
Paraguay,2005,95.4,94.7,,,,,
Paraguay,2004,94.9,94.4,,,,,
Paraguay,2003,95.3,94.9,,,,,
Paraguay,2002,96,95.5,,,,,
Paraguay,2001,97.9,97.3,,,,,
Paraguay,2000,98.2,97.5,,,,,
Paraguay,1999,96.9,96.6,,,,,
Peru, 2007-2012,97,97,,,,,
Peru,2011,97.2,97,,,,,
Peru,2010,98.5,97.8,,,,,
Peru,2009,97.5,97,,,,,
Peru,2008,98.5,97.9,,,,,
Peru,2007,99.8,99.5,,,,,
Peru,2006,99.8,99.5,,,,,
Peru,2005,99.9,99.3,,,,,
Peru,2004,99.9,99.3,,,,,
Philippines, 2007-2012,90,88,,,,,
Philippines,2009,89.5,87.9,,,,,
Philippines,2008,89.2,87.1,,,,,
Philippines,2007,89,86.8,,,,,
Philippines,2006,89.3,87,,,,,
Philippines,2005,91,88.7,,,,,
Philippines,2004,91.8,89.5,,,,,
Philippines,2003,92.3,90.3,,,,,
Philippines,2002,92.2,89.7,,,,,
Philippines,2001,91.3,89.8,,,,,
Philippines,1999,90.1,89.5,,,,,
Poland, 2007-2012,97,97,,,,,
Poland,2010,96.7,96.9,,,,,
Poland,2009,95.9,96.1,,,,,
Poland,2008,95.2,95.4,,,,,
Poland,2007,95.3,95.3,,,,,
Poland,2006,95.5,95.6,,,,,
Poland,2005,95.8,95.8,,,,,
Poland,2004,96.4,96.5,,,,,
Poland,2003,96.9,97,,,,,
Poland,2002,97.3,97.5,,,,,
Poland,2001,97.6,97.8,,,,,
Poland,2000,97.2,97.7,,,,,
Poland,1999,97,97.7,,,,,
Portugal, 2007-2012,100,99,,,,,
Portugal,2010,99.7,99.1,,,,,
Portugal,2009,99.5,99.2,,,,,
Portugal,2006,98.6,99.5,,,,,
Portugal,2005,98.8,99.6,,,,,
Portugal,2004,98.5,99.6,,,,,
Portugal,2002,99.4,99.3,,,,,
Qatar, 2007-2012,95,95,,,,,
Qatar,2011,94.6,95.3,,,,,
Qatar,2010,96.6,95.7,,,,,
Qatar,2009,98.3,98,,,,,
Qatar,2006,95.9,98.4,,,,,
Qatar,2002,93.6,99.5,,,,,
Qatar,2001,98.5,91.9,,,,,
Qatar,2000,99.8,92.9,,,,,
Qatar,1999,99.8,91.6,,,,,
Republic of Korea, 2007-2012,98,99,,,,,
Republic of Korea,2010,98.4,99.3,,,,,
Republic of Korea,2009,99.1,100,,,,,
Republic of Korea,2008,99.1,99.8,,,,,
Republic of Korea,2007,98.9,99.8,,,,,
Republic of Korea,2006,98.8,99.9,,,,,
Republic of Korea,2005,98.8,99.9,,,,,
Republic of Korea,2004,99,99.8,,,,,
Republic of Korea,2003,99.5,100,,,,,
Republic of Korea,2002,99.3,99.4,,,,,
Republic of Korea,2001,99.5,99.5,,,,,
Republic of Korea,2000,100,99.5,,,,,
Republic of Korea,1999,100,98.7,,,,,
Republic of Moldova, 2007-2012,90,91,,,,,
Republic of Moldova,2011,90.2,90.9,,,,,
Republic of Moldova,2010,90.1,90.1,,,,,
Republic of Moldova,2009,89.5,90.5,,,,,
Republic of Moldova,2008,90,90.9,,,,,
Republic of Moldova,2007,89.7,90.3,,,,,
Republic of Moldova,2006,90.9,90.4,,,,,
Republic of Moldova,2005,93.3,93.5,,,,,
Republic of Moldova,2004,96.5,96.7,,,,,
Republic of Moldova,2003,96.2,97,,,,,
Republic of Moldova,2002,95.7,96.2,,,,,
Republic of Moldova,2001,94.4,96.7,,,,,
Republic of Moldova,2000,92.1,93,,,,,
Romania, 2007-2012,87,88,,,,,
Romania,2010,87.3,87.9,,,,,
Romania,2009,92.5,92.4,,,,,
Romania,2008,92.8,92.6,,,,,
Romania,2007,94,93.6,,,,,
Romania,2006,95.1,94.8,,,,,
Romania,2005,98.9,99,,,,,
Romania,2004,99,99,,,,,
Romania,2002,96.3,96.7,,,,,
Romania,2001,93.1,93.7,,,,,
Romania,2000,92.6,92.9,,,,,
Romania,1999,92.4,92.8,,,,,
Russian Federation, 2007-2012,96,95,,,,,
Russian Federation,2009,96.3,95.1,,,,,
Russian Federation,2008,95.2,94.6,,,,,
Russian Federation,2007,94.9,94.1,,,,,
Russian Federation,2006,94.7,93.7,,,,,
Rwanda, 2007-2012,92,89,,,,,
Rwanda,2008,92.2,89,,,,,
Rwanda,2007,93.3,90.1,,,,,
Rwanda,2004,81.7,77.8,,,,,
Rwanda,2003,87.4,83.7,,,,,
Rwanda,2002,81.3,78.3,,,,,
Rwanda,1999,78.4,77.6,,,,,
Saint Kitts and Nevis, 2007-2012,89,86,,,,,
Saint Kitts and Nevis,2011,88.7,86,,,,,
Saint Kitts and Nevis,2010,86.2,85.8,,,,,
Saint Kitts and Nevis,2009,93.6,91,,,,,
Saint Kitts and Nevis,2008,83.4,81.9,,,,,
Saint Kitts and Nevis,2007,90.7,89.1,,,,,
Saint Kitts and Nevis,2005,97.6,96.2,,,,,
Saint Lucia, 2007-2012,88,88,,,,,
Saint Lucia,2011,88.3,87.9,,,,,
Saint Lucia,2010,89.2,90.2,,,,,
Saint Lucia,2009,91.9,92.4,,,,,
Saint Lucia,2008,92.3,93.4,,,,,
Saint Lucia,2007,92.6,95.2,,,,,
Saint Lucia,2006,93.2,96.2,,,,,
Saint Lucia,2005,90.8,93.5,,,,,
Saint Lucia,2004,93,95.8,,,,,
Saint Lucia,2003,95.3,97.6,,,,,
Saint Lucia,2002,95.9,96.8,,,,,
Saint Lucia,2001,96.2,98.6,,,,,
Saint Lucia,2000,96.2,97.4,,,,,
Saint Lucia,1999,90.9,94.2,,,,,
Saint Vincent and the Grenadines,2005,97,99.5,,,,,
Samoa, 2007-2012,96,91,,,,,
Samoa,2011,96.2,90.8,,,,,
Samoa,2010,97.1,93.2,,,,,
Samoa,2009,97.7,95.7,,,,,
Samoa,2001,96.6,94.4,,,,,
Samoa,2000,93,91.5,,,,,
Samoa,1999,93.8,94.4,,,,,
San Marino, 2007-2012,74,75,,,,,
San Marino,2011,73.5,75.2,,,,,
San Marino,2009,93,91.1,,,,,
Sao Tome and Principe, 2007-2012,98,97,,,,,
Sao Tome and Principe,2008,97.9,96.6,,,,,
Sao Tome and Principe,2007,96,93.9,,,,,
Sao Tome and Principe,1999,87.2,88.4,,,,,
Saudi Arabia, 2007-2012,97,97,,,,,
Saudi Arabia,2011,96.5,96.6,,,,,
Saudi Arabia,2010,96.5,96.7,,,,,
Senegal, 2007-2012,81,77,,,,,
Senegal,2011,81.2,76.6,,,,,
Senegal,2010,80.2,75.9,,,,,
Senegal,2009,79.3,76.2,,,,,
Senegal,2008,79.2,77.6,,,,,
Senegal,2007,76,76,,,,,
Senegal,2006,74.1,75.5,,,,,
Senegal,2005,74.1,77.4,,,,,
Senegal,2004,68.6,72.1,,,,,
Senegal,2003,63.7,69.2,,,,,
Senegal,2001,58.2,64.7,,,,,
Senegal,2000,56.1,63.8,,,,,
Senegal,1999,52,61.8,,,,,
Serbia, 2007-2012,94,95,,,,,
Serbia,2011,94.3,94.6,,,,,
Serbia,2010,94.4,94.7,,,,,
Serbia,2009,95.7,96.5,,,,,
Serbia,2008,97.9,98.1,,,,,
Serbia,2007,98.3,98.4,,,,,
Seychelles,2005,94,96.3,,,,,
Seychelles,2002,94,94.4,,,,,
Seychelles,2001,92.4,91.3,,,,,
Slovenia, 2007-2012,97,98,,,,,
Slovenia,2010,97.3,97.7,,,,,
Slovenia,2009,97.1,97.3,,,,,
Slovenia,2008,96.8,96.8,,,,,
Slovenia,2007,96.2,96.2,,,,,
Slovenia,2006,96.1,96,,,,,
Slovenia,2005,97.3,97.4,,,,,
Slovenia,2004,98.7,98,,,,,
Slovenia,2003,96.9,96.8,,,,,
Slovenia,2002,96.4,96.3,,,,,
Slovenia,2001,95.8,96,,,,,
Slovenia,2000,96.4,94.2,,,,,
Slovenia,1999,96.2,96.5,,,,,
Solomon Islands, 2007-2012,87,88,,,,,
Solomon Islands,2010,87.3,87.7,,,,,
Solomon Islands,2007,81.1,82.9,,,,,
Solomon Islands,2006,81.4,82.4,,,,,
Solomon Islands,2005,76.1,78,,,,,
South Africa, 2007-2012,91,90,,,,,
South Africa,2009,90.9,89.7,,,,,
South Africa,2008,92.5,91,,,,,
South Africa,2007,93.9,92.3,,,,,
South Africa,2006,93.2,91.9,,,,,
South Africa,2005,93.8,92.5,,,,,
South Africa,2004,95.1,93.8,,,,,
South Africa,2003,95.7,94,,,,,
South Africa,2002,95.6,93.3,,,,,
South Africa,2001,95.4,93.2,,,,,
South Africa,2000,94.7,93.2,,,,,
South Africa,1999,97.5,94.9,,,,,
Spain, 2007-2012,100,100,,,,,
Spain,2010,99.8,99.7,,,,,
Spain,2009,99.9,99.9,,,,,
Spain,2008,99.7,99.9,,,,,
Spain,2007,99.6,99.9,,,,,
Spain,2006,99.5,99.9,,,,,
Spain,2005,99.5,99.8,,,,,
Spain,2004,99.8,99.7,,,,,
Spain,2003,99.8,99.8,,,,,
Spain,2002,99.9,99.9,,,,,
Spain,2001,99.9,99.9,,,,,
Spain,2000,99.9,100,,,,,
Spain,1999,99.5,99.9,,,,,
Sri Lanka, 2007-2012,94,94,,,,,
Sri Lanka,2010,94.4,93.9,,,,,
Sri Lanka,2009,93.9,93.5,,,,,
Sri Lanka,2008,97.4,97.1,,,,,
Sri Lanka,2007,99.1,99.1,,,,,
Sri Lanka,2006,99.8,99.9,,,,,
Sudan (former),2001,41.9,50.3,,,,,
Sudan (former),2000,39,46.8,,,,,
Sudan (former),1999,39,46.9,,,,,
Suriname, 2007-2012,93,92,,,,,
Suriname,2011,93.3,92.4,,,,,
Suriname,2009,91,90.9,,,,,
Suriname,2008,88.3,89.2,,,,,
Suriname,2007,83.6,85.6,,,,,
Suriname,2006,88.6,89.5,,,,,
Suriname,2005,91.8,91,,,,,
Suriname,2002,93.5,90.2,,,,,
Suriname,2001,94.4,90.4,,,,,
Swaziland, 2007-2012,80,85,,,,,
Swaziland,2011,80.4,84.9,,,,,
Swaziland,2007,86,83.9,,,,,
Swaziland,2006,82.6,81.8,,,,,
Swaziland,2005,77.3,75.5,,,,,
Swaziland,2004,76.4,74.3,,,,,
Swaziland,2003,73.6,71.9,,,,,
Swaziland,2002,73.3,71.6,,,,,
Swaziland,2001,73.5,71.6,,,,,
Swaziland,2000,72.9,71.3,,,,,
Swaziland,1999,71.9,69.3,,,,,
Sweden, 2007-2012,99,100,,,,,
Sweden,2010,99,99.7,,,,,
Sweden,2009,99,99.6,,,,,
Sweden,2008,98.3,98.9,,,,,
Sweden,2007,96.4,96.7,,,,,
Sweden,2006,95.2,95.5,,,,,
Sweden,2005,95.4,95.8,,,,,
Sweden,2004,96.6,97.2,,,,,
Sweden,2003,98.7,99.3,,,,,
Sweden,2002,99.3,99.7,,,,,
Sweden,2000,99.1,99.7,,,,,
Switzerland, 2007-2012,100,99,,,,,
Switzerland,2010,99.5,98.9,,,,,
Switzerland,2009,99.1,98.6,,,,,
Switzerland,2008,98.6,98,,,,,
Switzerland,2007,97.9,97.3,,,,,
Switzerland,2006,98.1,97.5,,,,,
Switzerland,2005,98.3,97.6,,,,,
Switzerland,2004,99.1,98.5,,,,,
Switzerland,2003,99.8,98.6,,,,,
Switzerland,2002,99.8,98.7,,,,,
Switzerland,2001,99.8,98.7,,,,,
Switzerland,2000,99.7,98.9,,,,,
Switzerland,1999,99.7,99.3,,,,,
Syrian Arab Republic, 2007-2012,100,100,,,,,
Syrian Arab Republic,2011,99.7,99.5,,,,,
Syrian Arab Republic,2009,98.4,99.8,,,,,
Syrian Arab Republic,2008,98,99.8,,,,,
Syrian Arab Republic,2007,97.6,99.7,,,,,
Syrian Arab Republic,2006,97.5,99.9,,,,,
Tajikistan, 2007-2012,96,100,,,,,
Tajikistan,2011,95.7,99.5,,,,,
Tajikistan,2010,96,99.5,,,,,
Tajikistan,2009,95.6,99.4,,,,,
Tajikistan,2008,95.5,99.4,,,,,
Tajikistan,2007,95.6,99.3,,,,,
Tajikistan,2006,95.1,99.4,,,,,
Tajikistan,2005,95.8,99.3,,,,,
Tajikistan,2004,95.5,99.2,,,,,
Tajikistan,2003,95.2,99,,,,,
Tajikistan,2002,95.2,99.9,,,,,
Tajikistan,2001,92.2,99.9,,,,,
Tajikistan,2000,92.8,99.3,,,,,
Thailand, 2007-2012,89,90,,,,,
Thailand,2009,89.4,90,,,,,
Thailand,2008,89.9,91.4,,,,,
Thailand,2007,91.5,93,,,,,
Thailand,2006,92.9,94.3,,,,,
The former Yugoslav republic of Macedonia, 2007-2012,99,97,,,,,
The former Yugoslav republic of Macedonia,2010,99.2,97.3,,,,,
The former Yugoslav republic of Macedonia,2009,94.8,93,,,,,
The former Yugoslav republic of Macedonia,2008,93.1,91,,,,,
The former Yugoslav republic of Macedonia,2007,93,91.9,,,,,
The former Yugoslav republic of Macedonia,2006,93.5,92.6,,,,,
The former Yugoslav republic of Macedonia,2005,94.9,94.2,,,,,
The former Yugoslav republic of Macedonia,2004,95.3,94.7,,,,,
The former Yugoslav republic of Macedonia,2003,95.7,94.5,,,,,
The former Yugoslav republic of Macedonia,2002,97.3,96,,,,,
The former Yugoslav republic of Macedonia,2001,98.3,98,,,,,
The former Yugoslav republic of Macedonia,2000,97.4,98.1,,,,,
The former Yugoslav republic of Macedonia,1999,93.9,96.1,,,,,
Timor-Leste, 2007-2012,91,91,,,,,
Timor-Leste,2011,90.6,91.3,,,,,
Timor-Leste,2010,85.6,86.2,,,,,
Timor-Leste,2009,79.2,81.3,,,,,
Timor-Leste,2008,72.6,74.4,,,,,
Timor-Leste,2005,65.3,68.3,,,,,
Tonga,1999,88.7,94,,,,,
Trinidad and Tobago, 2007-2012,97,98,,,,,
Trinidad and Tobago,2010,97,97.7,,,,,
Trinidad and Tobago,2009,94.4,97.5,,,,,
Trinidad and Tobago,2008,94.8,95.3,,,,,
Trinidad and Tobago,2007,96.1,97.6,,,,,
Trinidad and Tobago,2005,91.3,91.2,,,,,
Trinidad and Tobago,2004,94.5,94.2,,,,,
Trinidad and Tobago,2003,93.5,93.7,,,,,
Trinidad and Tobago,2002,92.7,90.9,,,,,
Trinidad and Tobago,2001,94.5,93.8,,,,,
Trinidad and Tobago,2000,93.8,93.2,,,,,
Trinidad and Tobago,1999,92.5,91.9,,,,,
Tunisia,2001,95.6,98.2,,,,,
Tunisia,2000,93.8,97.2,,,,,
Tunisia,1999,93,96.7,,,,,
Turkey, 2007-2012,98,100,,,,,
Turkey,2010,98.3,99.5,,,,,
Turkey,2009,96.7,98.2,,,,,
Turkey,2006,96,99.4,,,,,
Turkey,2005,94.4,98.7,,,,,
Turkey,2004,93.4,98.2,,,,,
Turkey,2003,92.1,97.5,,,,,
Turkey,2000,91.9,99.9,,,,,
Turkey,1999,90.3,98,,,,,
Uganda, 2007-2012,95,93,,,,,
Uganda,2011,95.2,92.5,,,,,
Uganda,2010,92.3,89.7,,,,,
Uganda,2009,95.3,93.1,,,,,
Ukraine, 2007-2012,93,92,,,,,
Ukraine,2011,92.7,91.6,,,,,
Ukraine,2010,91.5,90.8,,,,,
Ukraine,2009,90,89.7,,,,,
Ukraine,2008,90.4,90,,,,,
Ukraine,2007,90.6,90.7,,,,,
Ukraine,2006,90.5,90.8,,,,,
Ukraine,2005,90.7,91,,,,,
Ukraine,2004,89.5,90,,,,,
Ukraine,2003,89.1,89.1,,,,,
Ukraine,2002,93.7,93.9,,,,,
United Arab Emirates,2006,97.7,93.6,,,,,
United Arab Emirates,2005,98,96.3,,,,,
United Arab Emirates,2004,95.6,94.5,,,,,
United Arab Emirates,2003,92.1,90.6,,,,,
United Arab Emirates,2002,84.8,84.3,,,,,
United Arab Emirates,2001,80.1,79.4,,,,,
United Arab Emirates,2000,81.5,80.6,,,,,
United Arab Emirates,1999,85,84.2,,,,,
United Kingdom of Great Britain and Northern Ireland, 2007-2012,100,100,,,,,
United Kingdom of Great Britain and Northern Ireland,2010,99.6,99.8,,,,,
United Kingdom of Great Britain and Northern Ireland,2009,99.7,99.9,,,,,
United Kingdom of Great Britain and Northern Ireland,2008,99.8,99.9,,,,,
United Kingdom of Great Britain and Northern Ireland,2007,98.7,98.2,,,,,
United Kingdom of Great Britain and Northern Ireland,2006,100,99.5,,,,,
United Kingdom of Great Britain and Northern Ireland,2005,100,100,,,,,
United Kingdom of Great Britain and Northern Ireland,2004,99.5,99.4,,,,,
United Kingdom of Great Britain and Northern Ireland,2003,100,99.9,,,,,
United Kingdom of Great Britain and Northern Ireland,2002,100,99.9,,,,,
United Kingdom of Great Britain and Northern Ireland,2000,100,100,,,,,
United Kingdom of Great Britain and Northern Ireland,1999,100,100,,,,,
United Republic of Tanzania, 2007-2012,98,99,,,,,
United Republic of Tanzania,2008,98,98.5,,,,,
United Republic of Tanzania,2006,95.9,97.1,,,,,
United Republic of Tanzania,2005,90.1,91.7,,,,,
United Republic of Tanzania,2004,85.5,87.1,,,,,
United Republic of Tanzania,2003,80.8,82.6,,,,,
United Republic of Tanzania,2002,72.5,73.6,,,,,
United Republic of Tanzania,2001,58,57.8,,,,,
United Republic of Tanzania,2000,53.8,52.4,,,,,
United Republic of Tanzania,1999,50.2,48.5,,,,,
United States of America, 2007-2012,96,95,,,,,
United States of America,2010,96.1,95.4,,,,,
United States of America,2009,97.9,95.9,,,,,
United States of America,2008,98.1,97.3,,,,,
United States of America,2007,97.9,96.7,,,,,
United States of America,2006,96.9,95.1,,,,,
United States of America,2005,95.9,94.6,,,,,
United States of America,2004,95.1,93.9,,,,,
United States of America,2003,96,95,,,,,
United States of America,2002,96.4,95.1,,,,,
United States of America,2001,97.9,96.7,,,,,
United States of America,2000,97,97.1,,,,,
United States of America,1999,97,96.9,,,,,
Uruguay, 2007-2012,99,100,,,,,
Uruguay,2009,99.2,99.8,,,,,
Uruguay,2008,99.1,99.5,,,,,
Uruguay,2005,97.5,97.7,,,,,
Uzbekistan, 2007-2012,92,94,,,,,
Uzbekistan,2011,91.5,94.1,,,,,
Uzbekistan,2010,91,93.3,,,,,
Uzbekistan,2009,90.3,92.3,,,,,
Uzbekistan,2008,91,92.8,,,,,
Uzbekistan,2007,92.2,94.5,,,,,
Vanuatu,2004,97,98.1,,,,,
Vanuatu,1999,97,98.3,,,,,
Venezuela (Bolivarian Republic of), 2007-2012,95,95,,,,,
Venezuela (Bolivarian Republic of),2011,95,94.6,,,,,
Venezuela (Bolivarian Republic of),2010,95.1,94.7,,,,,
Venezuela (Bolivarian Republic of),2009,94.4,94,,,,,
Venezuela (Bolivarian Republic of),2007,94.7,94,,,,,
Venezuela (Bolivarian Republic of),2006,93.9,93,,,,,
Venezuela (Bolivarian Republic of),2005,93.4,92.2,,,,,
Venezuela (Bolivarian Republic of),2004,94.6,93.7,,,,,
Venezuela (Bolivarian Republic of),2003,94.5,93.3,,,,,
Venezuela (Bolivarian Republic of),2002,95.8,94.7,,,,,
Venezuela (Bolivarian Republic of),2001,92.8,91.4,,,,,
Venezuela (Bolivarian Republic of),2000,90,88.6,,,,,
Venezuela (Bolivarian Republic of),1999,87.2,86,,,,,
Yemen, 2007-2012,70,83,,,,,
Yemen,2011,69.7,82.8,,,,,
Yemen,2010,70.5,85.5,,,,,
Yemen,2008,67.3,81.3,,,,,
Yemen,2005,66,86.7,,,,,
Yemen,2004,63,86.6,,,,,
Yemen,2003,59.8,84.5,,,,,
Yemen,1999,41.6,71.2,,,,,
Zambia, 2007-2012,98,96,,,,,
Zambia,2011,98.4,96.1,,,,,
Zambia,2010,93.9,91.4,,,,,
Zambia,2009,96.1,93.5,,,,,
Zambia,2007,97.3,96.3,,,,,
Zambia,2006,97.6,94,,,,,
Zambia,2005,97.4,95.3,,,,,
Zambia,2004,87.9,87.4,,,,,
Zambia,2002,73.6,74.6,,,,,
Zambia,2001,70.5,71.2,,,,,
Zambia,2000,70.2,71.7,,,,,
Zambia,1999,69.6,72.2,,,,,
