GHO (CODE),GHO (DISPLAY),GHO (URL),PUBLISHSTATE (CODE),PUBLISHSTATE (DISPLAY),PUBLISHSTATE (URL),YEAR (CODE),YEAR (DISPLAY),YEAR (URL),REGION (CODE),REGION (DISPLAY),REGION (URL),WORLDBANKINCOMEGROUP (CODE),WORLDBANKINCOMEGROUP (DISPLAY),WORLDBANKINCOMEGROUP (URL),COUNTRY (CODE),COUNTRY (DISPLAY),COUNTRY (URL),Display Value,Numeric,Low,High,Comments
WHS_PBR,Preterm birth rate (per 100 live births),http://apps.who.int/gho/indicatorregistry/App_Main/view_indicator.aspx?iid=4420,PUBLISHED,Published,,2010,2010,,EUR,Europe,,,,,EST,Estonia,,6,6,,,
WHOSIS_000006,Infants exclusively breastfed for the first six months of life (%),http://apps.who.int/gho/indicatorregistry/App_Main/view_indicator.aspx?iid=130,PUBLISHED,Published,,2010,2010,,AFR,Africa,,WB_LI,Low-income,,SLE,Sierra Leone,,32,32,,,
WHS_PBR,Preterm birth rate (per 100 live births),http://apps.who.int/gho/indicatorregistry/App_Main/view_indicator.aspx?iid=4420,PUBLISHED,Published,,2010,2010,,AMR,Americas,,,,,VCT,Saint Vincent and the Grenadines,,12,12,,,
WHS_PBR,Preterm birth rate (per 100 live births),http://apps.who.int/gho/indicatorregistry/App_Main/view_indicator.aspx?iid=4420,PUBLISHED,Published,,2010,2010,,SEAR,South-East Asia,,,,,BGD,Bangladesh,,14,14,,,
WHS_PBR,Preterm birth rate (per 100 live births),http://apps.who.int/gho/indicatorregistry/App_Main/view_indicator.aspx?iid=4420,PUBLISHED,Published,,2010,2010,,EUR,Europe,,,,,POL,Poland,,7,7,,,
WHOSIS_000006,Infants exclusively breastfed for the first six months of life (%),http://apps.who.int/gho/indicatorregistry/App_Main/view_indicator.aspx?iid=130,PUBLISHED,Published,,2003,2003,,EUR,Europe,,WB_HI,High-income,,CHE,Switzerland,,14,14,,,
WHS_PBR,Preterm birth rate (per 100 live births),http://apps.who.int/gho/indicatorregistry/App_Main/view_indicator.aspx?iid=4420,PUBLISHED,Published,,2010,2010,,AFR,Africa,,,,,ZMB,Zambia,,13,13,,,
WHS_PBR,Preterm birth rate (per 100 live births),http://apps.who.int/gho/indicatorregistry/App_Main/view_indicator.aspx?iid=4420,PUBLISHED,Published,,2010,2010,,EUR,Europe,,,,,KGZ,Kyrgyzstan,,10,10,,,
WHOSIS_000006,Infants exclusively breastfed for the first six months of life (%),http://apps.who.int/gho/indicatorregistry/App_Main/view_indicator.aspx?iid=130,PUBLISHED,Published,,2005-2006,2005-2006,,SEAR,South-East Asia,,WB_LMI,Lower-middle-income,,IND,India,,46,46,,,
WHOSIS_000006,Infants exclusively breastfed for the first six months of life (%),http://apps.who.int/gho/indicatorregistry/App_Main/view_indicator.aspx?iid=130,PUBLISHED,Published,,2006,2006,,AFR,Africa,,WB_UMI,Upper-middle-income,,DZA,Algeria,,7,7,,,
WHOSIS_000006,Infants exclusively breastfed for the first six months of life (%),http://apps.who.int/gho/indicatorregistry/App_Main/view_indicator.aspx?iid=130,PUBLISHED,Published,,2002,2002,,WPR,Western Pacific,,WB_HI,High-income,,JPN,Japan,,21,21,,,
WHOSIS_000006,Infants exclusively breastfed for the first six months of life (%),http://apps.who.int/gho/indicatorregistry/App_Main/view_indicator.aspx?iid=130,PUBLISHED,Published,,1999,1999,,EUR,Europe,,WB_HI,High-income,,ITA,Italy,,5,5,,,Data refer to exclusive breastfeeding at 6 months.  These estimates are lower than the standard measure of exclusive breastfeeding averaged over the first six months.
WHS_PBR,Preterm birth rate (per 100 live births),http://apps.who.int/gho/indicatorregistry/App_Main/view_indicator.aspx?iid=4420,PUBLISHED,Published,,2010,2010,,SEAR,South-East Asia,,,,,NPL,Nepal,,14,14,,,
WHS_PBR,Preterm birth rate (per 100 live births),http://apps.who.int/gho/indicatorregistry/App_Main/view_indicator.aspx?iid=4420,PUBLISHED,Published,,2010,2010,,SEAR,South-East Asia,,,,,LKA,Sri Lanka,,11,11,,,
WHS_PBR,Preterm birth rate (per 100 live births),http://apps.who.int/gho/indicatorregistry/App_Main/view_indicator.aspx?iid=4420,PUBLISHED,Published,,2010,2010,,AFR,Africa,,,,,CPV,Cabo Verde,,11,11,,,
WHOSIS_000006,Infants exclusively breastfed for the first six months of life (%),http://apps.who.int/gho/indicatorregistry/App_Main/view_indicator.aspx?iid=130,PUBLISHED,Published,,2010,2010,,AMR,Americas,,WB_UMI,Upper-middle-income,,SUR,Suriname,,3,3,,,
WHS_PBR,Preterm birth rate (per 100 live births),http://apps.who.int/gho/indicatorregistry/App_Main/view_indicator.aspx?iid=4420,PUBLISHED,Published,,2010,2010,,WPR,Western Pacific,,,,,LAO,Lao People's Democratic Republic,,11,11,,,
WHOSIS_000006,Infants exclusively breastfed for the first six months of life (%),http://apps.who.int/gho/indicatorregistry/App_Main/view_indicator.aspx?iid=130,PUBLISHED,Published,,2010,2010,,EMR,Eastern Mediterranean,,WB_LMI,Lower-middle-income,,SDN,Sudan,,41,41,,,
WHS_PBR,Preterm birth rate (per 100 live births),http://apps.who.int/gho/indicatorregistry/App_Main/view_indicator.aspx?iid=4420,PUBLISHED,Published,,2010,2010,,EMR,Eastern Mediterranean,,,,,DJI,Djibouti,,12,12,,,
WHS_PBR,Preterm birth rate (per 100 live births),http://apps.who.int/gho/indicatorregistry/App_Main/view_indicator.aspx?iid=4420,PUBLISHED,Published,,2010,2010,,EUR,Europe,,,,,HUN,Hungary,,9,9,,,
WHOSIS_000006,Infants exclusively breastfed for the first six months of life (%),http://apps.who.int/gho/indicatorregistry/App_Main/view_indicator.aspx?iid=130,PUBLISHED,Published,,2008,2008,,EMR,Eastern Mediterranean,,WB_LMI,Lower-middle-income,,EGY,Egypt,,53,53,,,
WHS_PBR,Preterm birth rate (per 100 live births),http://apps.who.int/gho/indicatorregistry/App_Main/view_indicator.aspx?iid=4420,PUBLISHED,Published,,2010,2010,,AFR,Africa,,,,,GNQ,Equatorial Guinea,,17,17,,,
WHS_PBR,Preterm birth rate (per 100 live births),http://apps.who.int/gho/indicatorregistry/App_Main/view_indicator.aspx?iid=4420,PUBLISHED,Published,,2010,2010,,AFR,Africa,,,,,GMB,Gambia,,14,14,,,
WHOSIS_000006,Infants exclusively breastfed for the first six months of life (%),http://apps.who.int/gho/indicatorregistry/App_Main/view_indicator.aspx?iid=130,PUBLISHED,Published,,2011-2012,2011-2012,,EUR,Europe,,WB_UMI,Upper-middle-income,,BIH,Bosnia and Herzegovina,,19,19,,,
WHS_PBR,Preterm birth rate (per 100 live births),http://apps.who.int/gho/indicatorregistry/App_Main/view_indicator.aspx?iid=4420,PUBLISHED,Published,,2010,2010,,WPR,Western Pacific,,,,,KIR,Kiribati,,10,10,,,
WHS_PBR,Preterm birth rate (per 100 live births),http://apps.who.int/gho/indicatorregistry/App_Main/view_indicator.aspx?iid=4420,PUBLISHED,Published,,2010,2010,,AMR,Americas,,,,,GUY,Guyana,,13,13,,,
WHOSIS_000006,Infants exclusively breastfed for the first six months of life (%),http://apps.who.int/gho/indicatorregistry/App_Main/view_indicator.aspx?iid=130,PUBLISHED,Published,,2011-2012,2011-2012,,WPR,Western Pacific,,WB_LI,Low-income,,LAO,Lao People's Democratic Republic,,40,40,,,
WHS_PBR,Preterm birth rate (per 100 live births),http://apps.who.int/gho/indicatorregistry/App_Main/view_indicator.aspx?iid=4420,PUBLISHED,Published,,2010,2010,,WPR,Western Pacific,,,,,TON,Tonga,,8,8,,,
WHS_PBR,Preterm birth rate (per 100 live births),http://apps.who.int/gho/indicatorregistry/App_Main/view_indicator.aspx?iid=4420,PUBLISHED,Published,,2010,2010,,AFR,Africa,,,,,COM,Comoros,,17,17,,,
WHOSIS_000006,Infants exclusively breastfed for the first six months of life (%),http://apps.who.int/gho/indicatorregistry/App_Main/view_indicator.aspx?iid=130,PUBLISHED,Published,,2010-2011,2010-2011,,AFR,Africa,,WB_LI,Low-income,,SEN,Senegal,,39,39,,,
WHS_PBR,Preterm birth rate (per 100 live births),http://apps.who.int/gho/indicatorregistry/App_Main/view_indicator.aspx?iid=4420,PUBLISHED,Published,,2010,2010,,AMR,Americas,,,,,TTO,Trinidad and Tobago,,8,8,,,
WHOSIS_000006,Infants exclusively breastfed for the first six months of life (%),http://apps.who.int/gho/indicatorregistry/App_Main/view_indicator.aspx?iid=130,PUBLISHED,Published,,2012,2012,,AFR,Africa,,WB_LI,Low-income,,COM,Comoros,,12,12,,,
WHS_PBR,Preterm birth rate (per 100 live births),http://apps.who.int/gho/indicatorregistry/App_Main/view_indicator.aspx?iid=4420,PUBLISHED,Published,,2010,2010,,EMR,Eastern Mediterranean,,,,,OMN,Oman,,14,14,,,
WHOSIS_000006,Infants exclusively breastfed for the first six months of life (%),http://apps.who.int/gho/indicatorregistry/App_Main/view_indicator.aspx?iid=130,PUBLISHED,Published,,2011-2012,2011-2012,,AFR,Africa,,WB_LI,Low-income,,BEN,Benin,,33,33,,,
WHOSIS_000006,Infants exclusively breastfed for the first six months of life (%),http://apps.who.int/gho/indicatorregistry/App_Main/view_indicator.aspx?iid=130,PUBLISHED,Published,,2009,2009,,WPR,Western Pacific,,WB_LMI,Lower-middle-income,,KIR,Kiribati,,69,69,,,
WHS_PBR,Preterm birth rate (per 100 live births),http://apps.who.int/gho/indicatorregistry/App_Main/view_indicator.aspx?iid=4420,PUBLISHED,Published,,2010,2010,,AFR,Africa,,,,,ETH,Ethiopia,,10,10,,,
WHOSIS_000006,Infants exclusively breastfed for the first six months of life (%),http://apps.who.int/gho/indicatorregistry/App_Main/view_indicator.aspx?iid=130,PUBLISHED,Published,,2010,2010,,AFR,Africa,,WB_LMI,Lower-middle-income,,SWZ,Swaziland,,44,44,,,
WHS_PBR,Preterm birth rate (per 100 live births),http://apps.who.int/gho/indicatorregistry/App_Main/view_indicator.aspx?iid=4420,PUBLISHED,Published,,2010,2010,,WPR,Western Pacific,,,,,WSM,Samoa,,6,6,,,
WHOSIS_000006,Infants exclusively breastfed for the first six months of life (%),http://apps.who.int/gho/indicatorregistry/App_Main/view_indicator.aspx?iid=130,PUBLISHED,Published,,2006-2007,2006-2007,,AFR,Africa,,WB_UMI,Upper-middle-income,,NAM,Namibia,,24,24,,,
WHOSIS_000006,Infants exclusively breastfed for the first six months of life (%),http://apps.who.int/gho/indicatorregistry/App_Main/view_indicator.aspx?iid=130,PUBLISHED,Published,,2005,2005,,AFR,Africa,,WB_LMI,Lower-middle-income,,CPV,Cabo Verde,,60,60,,,
WHOSIS_000006,Infants exclusively breastfed for the first six months of life (%),http://apps.who.int/gho/indicatorregistry/App_Main/view_indicator.aspx?iid=130,PUBLISHED,Published,,2010,2010,,EUR,Europe,,WB_HI,High-income,,SVK,Slovakia,,49,49,,,Data refer to exclusive breastfeeding at 6 months.  These estimates are lower than the standard measure of exclusive breastfeeding averaged over the first six months.
WHS_PBR,Preterm birth rate (per 100 live births),http://apps.who.int/gho/indicatorregistry/App_Main/view_indicator.aspx?iid=4420,PUBLISHED,Published,,2010,2010,,AMR,Americas,,,,,ARG,Argentina,,8,8,,,
WHOSIS_000006,Infants exclusively breastfed for the first six months of life (%),http://apps.who.int/gho/indicatorregistry/App_Main/view_indicator.aspx?iid=130,PUBLISHED,Published,,2012,2012,,EUR,Europe,,WB_UMI,Upper-middle-income,,BLR,Belarus,,19,19,,,
WHS_PBR,Preterm birth rate (per 100 live births),http://apps.who.int/gho/indicatorregistry/App_Main/view_indicator.aspx?iid=4420,PUBLISHED,Published,,2010,2010,,SEAR,South-East Asia,,,,,TLS,Timor-Leste,,12,12,,,
WHS_PBR,Preterm birth rate (per 100 live births),http://apps.who.int/gho/indicatorregistry/App_Main/view_indicator.aspx?iid=4420,PUBLISHED,Published,,2010,2010,,AMR,Americas,,,,,HTI,Haiti,,14,14,,,
WHS_PBR,Preterm birth rate (per 100 live births),http://apps.who.int/gho/indicatorregistry/App_Main/view_indicator.aspx?iid=4420,PUBLISHED,Published,,2010,2010,,EUR,Europe,,,,,BIH,Bosnia and Herzegovina,,8,8,,,
WHS_PBR,Preterm birth rate (per 100 live births),http://apps.who.int/gho/indicatorregistry/App_Main/view_indicator.aspx?iid=4420,PUBLISHED,Published,,2010,2010,,EUR,Europe,,,,,BLR,Belarus,,4,4,,,
WHOSIS_000006,Infants exclusively breastfed for the first six months of life (%),http://apps.who.int/gho/indicatorregistry/App_Main/view_indicator.aspx?iid=130,PUBLISHED,Published,,2011,2011,,SEAR,South-East Asia,,WB_LI,Low-income,,BGD,Bangladesh,,64,64,,,
WHOSIS_000006,Infants exclusively breastfed for the first six months of life (%),http://apps.who.int/gho/indicatorregistry/App_Main/view_indicator.aspx?iid=130,PUBLISHED,Published,,2012,2012,,AFR,Africa,,WB_LI,Low-income,,BFA,Burkina Faso,,38,38,,,
WHS_PBR,Preterm birth rate (per 100 live births),http://apps.who.int/gho/indicatorregistry/App_Main/view_indicator.aspx?iid=4420,PUBLISHED,Published,,2010,2010,,AMR,Americas,,,,,SUR,Suriname,,9,9,,,
WHOSIS_000006,Infants exclusively breastfed for the first six months of life (%),http://apps.who.int/gho/indicatorregistry/App_Main/view_indicator.aspx?iid=130,PUBLISHED,Published,,2010,2010,,EUR,Europe,,WB_UMI,Upper-middle-income,,SRB,Serbia,,14,14,,,
WHOSIS_000006,Infants exclusively breastfed for the first six months of life (%),http://apps.who.int/gho/indicatorregistry/App_Main/view_indicator.aspx?iid=130,PUBLISHED,Published,,2004,2004,,EUR,Europe,,WB_UMI,Upper-middle-income,,ROU,Romania,,16,16,,,
WHS_PBR,Preterm birth rate (per 100 live births),http://apps.who.int/gho/indicatorregistry/App_Main/view_indicator.aspx?iid=4420,PUBLISHED,Published,,2010,2010,,AMR,Americas,,,,,LCA,Saint Lucia,,11,11,,,
WHOSIS_000006,Infants exclusively breastfed for the first six months of life (%),http://apps.who.int/gho/indicatorregistry/App_Main/view_indicator.aspx?iid=130,PUBLISHED,Published,,2010,2010,,AMR,Americas,,WB_UMI,Upper-middle-income,,COL,Colombia,,43,43,,,
WHS_PBR,Preterm birth rate (per 100 live births),http://apps.who.int/gho/indicatorregistry/App_Main/view_indicator.aspx?iid=4420,PUBLISHED,Published,,2010,2010,,WPR,Western Pacific,,,,,BRN,Brunei Darussalam,,12,12,,,
WHS_PBR,Preterm birth rate (per 100 live births),http://apps.who.int/gho/indicatorregistry/App_Main/view_indicator.aspx?iid=4420,PUBLISHED,Published,,2010,2010,,EUR,Europe,,,,,LUX,Luxembourg,,8,8,,,
WHS_PBR,Preterm birth rate (per 100 live births),http://apps.who.int/gho/indicatorregistry/App_Main/view_indicator.aspx?iid=4420,PUBLISHED,Published,,2010,2010,,WPR,Western Pacific,,,,,SGP,Singapore,,12,12,,,
WHS_PBR,Preterm birth rate (per 100 live births),http://apps.who.int/gho/indicatorregistry/App_Main/view_indicator.aspx?iid=4420,PUBLISHED,Published,,2010,2010,,EMR,Eastern Mediterranean,,,,,PAK,Pakistan,,16,16,,,
WHOSIS_000006,Infants exclusively breastfed for the first six months of life (%),http://apps.who.int/gho/indicatorregistry/App_Main/view_indicator.aspx?iid=130,PUBLISHED,Published,,2010,2010,,AFR,Africa,,WB_LI,Low-income,,SSD,South Sudan,,45,45,,,
WHOSIS_000006,Infants exclusively breastfed for the first six months of life (%),http://apps.who.int/gho/indicatorregistry/App_Main/view_indicator.aspx?iid=130,PUBLISHED,Published,,2006,2006,,EUR,Europe,,WB_LMI,Lower-middle-income,,AZE,Azerbaijan,,12,12,,,
WHS_PBR,Preterm birth rate (per 100 live births),http://apps.who.int/gho/indicatorregistry/App_Main/view_indicator.aspx?iid=4420,PUBLISHED,Published,,2010,2010,,AFR,Africa,,,,,MOZ,Mozambique,,16,16,,,
WHOSIS_000006,Infants exclusively breastfed for the first six months of life (%),http://apps.who.int/gho/indicatorregistry/App_Main/view_indicator.aspx?iid=130,PUBLISHED,Published,,2009,2009,,AFR,Africa,,WB_LMI,Lower-middle-income,,LSO,Lesotho,,54,54,,,
WHOSIS_000006,Infants exclusively breastfed for the first six months of life (%),http://apps.who.int/gho/indicatorregistry/App_Main/view_indicator.aspx?iid=130,PUBLISHED,Published,,2012,2012,,EUR,Europe,,WB_LMI,Lower-middle-income,,MDA,Republic of Moldova,,36,36,,,
WHOSIS_000006,Infants exclusively breastfed for the first six months of life (%),http://apps.who.int/gho/indicatorregistry/App_Main/view_indicator.aspx?iid=130,PUBLISHED,Published,,2011,2011,,AMR,Americas,,WB_LMI,Lower-middle-income,,BLZ,Belize,,15,15,,,
WHOSIS_000006,Infants exclusively breastfed for the first six months of life (%),http://apps.who.int/gho/indicatorregistry/App_Main/view_indicator.aspx?iid=130,PUBLISHED,Published,,2009,2009,,EUR,Europe,,WB_LMI,Lower-middle-income,,TKM,Turkmenistan,,11,11,,,
WHS_PBR,Preterm birth rate (per 100 live births),http://apps.who.int/gho/indicatorregistry/App_Main/view_indicator.aspx?iid=4420,PUBLISHED,Published,,2010,2010,,AMR,Americas,,,,,CAN,Canada,,8,8,,,
WHS_PBR,Preterm birth rate (per 100 live births),http://apps.who.int/gho/indicatorregistry/App_Main/view_indicator.aspx?iid=4420,PUBLISHED,Published,,2010,2010,,AMR,Americas,,,,,HND,Honduras,,12,12,,,
WHS_PBR,Preterm birth rate (per 100 live births),http://apps.who.int/gho/indicatorregistry/App_Main/view_indicator.aspx?iid=4420,PUBLISHED,Published,,2010,2010,,EUR,Europe,,,,,DNK,Denmark,,7,7,,,
WHOSIS_000006,Infants exclusively breastfed for the first six months of life (%),http://apps.who.int/gho/indicatorregistry/App_Main/view_indicator.aspx?iid=130,PUBLISHED,Published,,2010,2010,,AFR,Africa,,WB_LI,Low-income,,TCD,Chad,,3,3,,,
WHS_PBR,Preterm birth rate (per 100 live births),http://apps.who.int/gho/indicatorregistry/App_Main/view_indicator.aspx?iid=4420,PUBLISHED,Published,,2010,2010,,AFR,Africa,,,,,AGO,Angola,,13,13,,,
WHS_PBR,Preterm birth rate (per 100 live births),http://apps.who.int/gho/indicatorregistry/App_Main/view_indicator.aspx?iid=4420,PUBLISHED,Published,,2010,2010,,EUR,Europe,,,,,PRT,Portugal,,8,8,,,
WHOSIS_000006,Infants exclusively breastfed for the first six months of life (%),http://apps.who.int/gho/indicatorregistry/App_Main/view_indicator.aspx?iid=130,PUBLISHED,Published,,2012,2012,,AMR,Americas,,WB_LI,Low-income,,HTI,Haiti,,40,40,,,
WHOSIS_000006,Infants exclusively breastfed for the first six months of life (%),http://apps.who.int/gho/indicatorregistry/App_Main/view_indicator.aspx?iid=130,PUBLISHED,Published,,2009,2009,,WPR,Western Pacific,,WB_LMI,Lower-middle-income,,WSM,Samoa,,51,51,,,
WHOSIS_000006,Infants exclusively breastfed for the first six months of life (%),http://apps.who.int/gho/indicatorregistry/App_Main/view_indicator.aspx?iid=130,PUBLISHED,Published,,2011-2012,2011-2012,,EUR,Europe,,WB_HI,High-income,,ESP,Spain,,29,29,,,Data refer to exclusive breastfeeding at 6 months.  These estimates are lower than the standard measure of exclusive breastfeeding averaged over the first six months.
WHOSIS_000006,Infants exclusively breastfed for the first six months of life (%),http://apps.who.int/gho/indicatorregistry/App_Main/view_indicator.aspx?iid=130,PUBLISHED,Published,,2004,2004,,EUR,Europe,,WB_HI,High-income,,CYP,Cyprus,,12,12,,,Data refer to exclusive breastfeeding at 6 months.  These estimates are lower than the standard measure of exclusive breastfeeding averaged over the first six months.
WHOSIS_000006,Infants exclusively breastfed for the first six months of life (%),http://apps.who.int/gho/indicatorregistry/App_Main/view_indicator.aspx?iid=130,PUBLISHED,Published,,2007,2007,,AFR,Africa,,WB_UMI,Upper-middle-income,,BWA,Botswana,,20,20,,,
WHS_PBR,Preterm birth rate (per 100 live births),http://apps.who.int/gho/indicatorregistry/App_Main/view_indicator.aspx?iid=4420,PUBLISHED,Published,,2010,2010,,AMR,Americas,,,,,ATG,Antigua and Barbuda,,6,6,,,
WHS_PBR,Preterm birth rate (per 100 live births),http://apps.who.int/gho/indicatorregistry/App_Main/view_indicator.aspx?iid=4420,PUBLISHED,Published,,2010,2010,,EUR,Europe,,,,,ITA,Italy,,7,7,,,
WHS_PBR,Preterm birth rate (per 100 live births),http://apps.who.int/gho/indicatorregistry/App_Main/view_indicator.aspx?iid=4420,PUBLISHED,Published,,2010,2010,,EUR,Europe,,,,,SWE,Sweden,,6,6,,,
WHS_PBR,Preterm birth rate (per 100 live births),http://apps.who.int/gho/indicatorregistry/App_Main/view_indicator.aspx?iid=4420,PUBLISHED,Published,,2010,2010,,WPR,Western Pacific,,,,,MHL,Marshall Islands,,12,12,,,
WHOSIS_000006,Infants exclusively breastfed for the first six months of life (%),http://apps.who.int/gho/indicatorregistry/App_Main/view_indicator.aspx?iid=130,PUBLISHED,Published,,2010,2010,,EUR,Europe,,WB_UMI,Upper-middle-income,,BGR,Bulgaria,,2,2,,,
WHS_PBR,Preterm birth rate (per 100 live births),http://apps.who.int/gho/indicatorregistry/App_Main/view_indicator.aspx?iid=4420,PUBLISHED,Published,,2010,2010,,AFR,Africa,,,,,TZA,United Republic of Tanzania,,11,11,,,
WHOSIS_000006,Infants exclusively breastfed for the first six months of life (%),http://apps.who.int/gho/indicatorregistry/App_Main/view_indicator.aspx?iid=130,PUBLISHED,Published,,2012,2012,,SEAR,South-East Asia,,WB_LMI,Lower-middle-income,,IDN,Indonesia,,42,42,,,
WHS_PBR,Preterm birth rate (per 100 live births),http://apps.who.int/gho/indicatorregistry/App_Main/view_indicator.aspx?iid=4420,PUBLISHED,Published,,2010,2010,,AFR,Africa,,,,,BWA,Botswana,,15,15,,,
WHS_PBR,Preterm birth rate (per 100 live births),http://apps.who.int/gho/indicatorregistry/App_Main/view_indicator.aspx?iid=4420,PUBLISHED,Published,,2010,2010,,AFR,Africa,,,,,GHA,Ghana,,15,15,,,
WHOSIS_000006,Infants exclusively breastfed for the first six months of life (%),http://apps.who.int/gho/indicatorregistry/App_Main/view_indicator.aspx?iid=130,PUBLISHED,Published,,2012,2012,,EUR,Europe,,WB_LI,Low-income,,TJK,Tajikistan,,34,34,,,
WHOSIS_000006,Infants exclusively breastfed for the first six months of life (%),http://apps.who.int/gho/indicatorregistry/App_Main/view_indicator.aspx?iid=130,PUBLISHED,Published,,2010,2010,,EUR,Europe,,WB_LMI,Lower-middle-income,,ARM,Armenia,,35,35,,,
WHOSIS_000006,Infants exclusively breastfed for the first six months of life (%),http://apps.who.int/gho/indicatorregistry/App_Main/view_indicator.aspx?iid=130,PUBLISHED,Published,,2008,2008,,AMR,Americas,,WB_LMI,Lower-middle-income,,PRY,Paraguay,,24,24,,,
WHS_PBR,Preterm birth rate (per 100 live births),http://apps.who.int/gho/indicatorregistry/App_Main/view_indicator.aspx?iid=4420,PUBLISHED,Published,,2010,2010,,AFR,Africa,,,,,COD,Democratic Republic of the Congo,,12,12,,,
WHS_PBR,Preterm birth rate (per 100 live births),http://apps.who.int/gho/indicatorregistry/App_Main/view_indicator.aspx?iid=4420,PUBLISHED,Published,,2010,2010,,AFR,Africa,,,,,SLE,Sierra Leone,,10,10,,,
WHS_PBR,Preterm birth rate (per 100 live births),http://apps.who.int/gho/indicatorregistry/App_Main/view_indicator.aspx?iid=4420,PUBLISHED,Published,,2010,2010,,AFR,Africa,,,,,CMR,Cameroon,,13,13,,,
WHS_PBR,Preterm birth rate (per 100 live births),http://apps.who.int/gho/indicatorregistry/App_Main/view_indicator.aspx?iid=4420,PUBLISHED,Published,,2010,2010,,EUR,Europe,,,,,IRL,Ireland,,6,6,,,
WHOSIS_000006,Infants exclusively breastfed for the first six months of life (%),http://apps.who.int/gho/indicatorregistry/App_Main/view_indicator.aspx?iid=130,PUBLISHED,Published,,2012-2013,2012-2013,,AFR,Africa,,WB_LI,Low-income,,MDG,Madagascar,,42,42,,,
WHS_PBR,Preterm birth rate (per 100 live births),http://apps.who.int/gho/indicatorregistry/App_Main/view_indicator.aspx?iid=4420,PUBLISHED,Published,,2010,2010,,AFR,Africa,,,,,CIV,Cote d'Ivoire,,14,14,,,
WHOSIS_000006,Infants exclusively breastfed for the first six months of life (%),http://apps.who.int/gho/indicatorregistry/App_Main/view_indicator.aspx?iid=130,PUBLISHED,Published,,2010-2011,2010-2011,,WPR,Western Pacific,,WB_LI,Low-income,,VNM,Viet Nam,,17,17,,,
WHOSIS_000006,Infants exclusively breastfed for the first six months of life (%),http://apps.who.int/gho/indicatorregistry/App_Main/view_indicator.aspx?iid=130,PUBLISHED,Published,,2010,2010,,WPR,Western Pacific,,WB_LI,Low-income,,KHM,Cambodia,,74,74,,,
WHS_PBR,Preterm birth rate (per 100 live births),http://apps.who.int/gho/indicatorregistry/App_Main/view_indicator.aspx?iid=4420,PUBLISHED,Published,,2010,2010,,EMR,Eastern Mediterranean,,,,,MAR,Morocco,,7,7,,,
WHS_PBR,Preterm birth rate (per 100 live births),http://apps.who.int/gho/indicatorregistry/App_Main/view_indicator.aspx?iid=4420,PUBLISHED,Published,,2010,2010,,EUR,Europe,,,,,ISR,Israel,,8,8,,,
WHOSIS_000006,Infants exclusively breastfed for the first six months of life (%),http://apps.who.int/gho/indicatorregistry/App_Main/view_indicator.aspx?iid=130,PUBLISHED,Published,,2010,2010,,AFR,Africa,,WB_LI,Low-income,,BDI,Burundi,,69,69,,,
WHOSIS_000006,Infants exclusively breastfed for the first six months of life (%),http://apps.who.int/gho/indicatorregistry/App_Main/view_indicator.aspx?iid=130,PUBLISHED,Published,,2010,2010,,AFR,Africa,,WB_LI,Low-income,,MWI,Malawi,,71,71,,,
WHOSIS_000006,Infants exclusively breastfed for the first six months of life (%),http://apps.who.int/gho/indicatorregistry/App_Main/view_indicator.aspx?iid=130,PUBLISHED,Published,,2012,2012,,EMR,Eastern Mediterranean,,WB_LMI,Lower-middle-income,,JOR,Jordan,,23,23,,,
WHOSIS_000006,Infants exclusively breastfed for the first six months of life (%),http://apps.who.int/gho/indicatorregistry/App_Main/view_indicator.aspx?iid=130,PUBLISHED,Published,,2006-2007,2006-2007,,SEAR,South-East Asia,,WB_LMI,Lower-middle-income,,LKA,Sri Lanka,,76,76,,,
WHS_PBR,Preterm birth rate (per 100 live births),http://apps.who.int/gho/indicatorregistry/App_Main/view_indicator.aspx?iid=4420,PUBLISHED,Published,,2010,2010,,AFR,Africa,,,,,NGA,Nigeria,,12,12,,,
WHOSIS_000006,Infants exclusively breastfed for the first six months of life (%),http://apps.who.int/gho/indicatorregistry/App_Main/view_indicator.aspx?iid=130,PUBLISHED,Published,,2011-2012,2011-2012,,AMR,Americas,,WB_UMI,Upper-middle-income,,ARG,Argentina,,33,33,,,
WHOSIS_000006,Infants exclusively breastfed for the first six months of life (%),http://apps.who.int/gho/indicatorregistry/App_Main/view_indicator.aspx?iid=130,PUBLISHED,Published,,2011-2012,2011-2012,,EMR,Eastern Mediterranean,,WB_LMI,Lower-middle-income,,TUN,Tunisia,,9,9,,,
WHOSIS_000006,Infants exclusively breastfed for the first six months of life (%),http://apps.who.int/gho/indicatorregistry/App_Main/view_indicator.aspx?iid=130,PUBLISHED,Published,,2010,2010,,AFR,Africa,,WB_LI,Low-income,,TZA,United Republic of Tanzania,,50,50,,,
WHS_PBR,Preterm birth rate (per 100 live births),http://apps.who.int/gho/indicatorregistry/App_Main/view_indicator.aspx?iid=4420,PUBLISHED,Published,,2010,2010,,AFR,Africa,,,,,CAF,Central African Republic,,13,13,,,
WHS_PBR,Preterm birth rate (per 100 live births),http://apps.who.int/gho/indicatorregistry/App_Main/view_indicator.aspx?iid=4420,PUBLISHED,Published,,2010,2010,,AFR,Africa,,,,,COG,Congo,,17,17,,,
WHOSIS_000006,Infants exclusively breastfed for the first six months of life (%),http://apps.who.int/gho/indicatorregistry/App_Main/view_indicator.aspx?iid=130,PUBLISHED,Published,,2012,2012,,AFR,Africa,,WB_LI,Low-income,,GIN,Guinea,,21,21,,,
WHS_PBR,Preterm birth rate (per 100 live births),http://apps.who.int/gho/indicatorregistry/App_Main/view_indicator.aspx?iid=4420,PUBLISHED,Published,,2010,2010,,AFR,Africa,,,,,ERI,Eritrea,,12,12,,,
WHOSIS_000006,Infants exclusively breastfed for the first six months of life (%),http://apps.who.int/gho/indicatorregistry/App_Main/view_indicator.aspx?iid=130,PUBLISHED,Published,,2009,2009,,EMR,Eastern Mediterranean,,WB_LMI,Lower-middle-income,,SYR,Syrian Arab Republic,,43,43,,,
WHOSIS_000006,Infants exclusively breastfed for the first six months of life (%),http://apps.who.int/gho/indicatorregistry/App_Main/view_indicator.aspx?iid=130,PUBLISHED,Published,,2011,2011,,AFR,Africa,,WB_LI,Low-income,,GHA,Ghana,,46,46,,,
WHS_PBR,Preterm birth rate (per 100 live births),http://apps.who.int/gho/indicatorregistry/App_Main/view_indicator.aspx?iid=4420,PUBLISHED,Published,,2010,2010,,AMR,Americas,,,,,VEN,Venezuela (Bolivarian Republic of),,8,8,,,
WHS_PBR,Preterm birth rate (per 100 live births),http://apps.who.int/gho/indicatorregistry/App_Main/view_indicator.aspx?iid=4420,PUBLISHED,Published,,2010,2010,,AFR,Africa,,,,,SWZ,Swaziland,,14,14,,,
WHS_PBR,Preterm birth rate (per 100 live births),http://apps.who.int/gho/indicatorregistry/App_Main/view_indicator.aspx?iid=4420,PUBLISHED,Published,,2010,2010,,EMR,Eastern Mediterranean,,,,,IRQ,Iraq,,7,7,,,
WHS_PBR,Preterm birth rate (per 100 live births),http://apps.who.int/gho/indicatorregistry/App_Main/view_indicator.aspx?iid=4420,PUBLISHED,Published,,2010,2010,,AMR,Americas,,,,,CRI,Costa Rica,,14,14,,,
WHS_PBR,Preterm birth rate (per 100 live births),http://apps.who.int/gho/indicatorregistry/App_Main/view_indicator.aspx?iid=4420,PUBLISHED,Published,,2010,2010,,AFR,Africa,,,,,KEN,Kenya,,12,12,,,
WHOSIS_000006,Infants exclusively breastfed for the first six months of life (%),http://apps.who.int/gho/indicatorregistry/App_Main/view_indicator.aspx?iid=130,PUBLISHED,Published,,2013,2013,,EMR,Eastern Mediterranean,,WB_LI,Low-income,,YEM,Yemen,,10,10,,,
WHS_PBR,Preterm birth rate (per 100 live births),http://apps.who.int/gho/indicatorregistry/App_Main/view_indicator.aspx?iid=4420,PUBLISHED,Published,,2010,2010,,AFR,Africa,,,,,MDG,Madagascar,,14,14,,,
WHS_PBR,Preterm birth rate (per 100 live births),http://apps.who.int/gho/indicatorregistry/App_Main/view_indicator.aspx?iid=4420,PUBLISHED,Published,,2010,2010,,EUR,Europe,,,,,ARM,Armenia,,11,11,,,
WHOSIS_000006,Infants exclusively breastfed for the first six months of life (%),http://apps.who.int/gho/indicatorregistry/App_Main/view_indicator.aspx?iid=130,PUBLISHED,Published,,2010,2010,,AFR,Africa,,WB_LI,Low-income,,TGO,Togo,,62,62,,,
WHOSIS_000006,Infants exclusively breastfed for the first six months of life (%),http://apps.who.int/gho/indicatorregistry/App_Main/view_indicator.aspx?iid=130,PUBLISHED,Published,,2010-2011,2010-2011,,AMR,Americas,,WB_UMI,Upper-middle-income,,CUB,Cuba,,49,49,,,
WHOSIS_000006,Infants exclusively breastfed for the first six months of life (%),http://apps.who.int/gho/indicatorregistry/App_Main/view_indicator.aspx?iid=130,PUBLISHED,Published,,2011,2011,,EUR,Europe,,WB_HI,High-income,,HRV,Croatia,,52,52,,,
WHOSIS_000006,Infants exclusively breastfed for the first six months of life (%),http://apps.who.int/gho/indicatorregistry/App_Main/view_indicator.aspx?iid=130,PUBLISHED,Published,,2010-2011,2010-2011,,EMR,Eastern Mediterranean,,WB_LI,Low-income,,AFG,Afghanistan,,54,54,,,
WHS_PBR,Preterm birth rate (per 100 live births),http://apps.who.int/gho/indicatorregistry/App_Main/view_indicator.aspx?iid=4420,PUBLISHED,Published,,2010,2010,,EMR,Eastern Mediterranean,,,,,LBY,Libya,,8,8,,,
WHS_PBR,Preterm birth rate (per 100 live births),http://apps.who.int/gho/indicatorregistry/App_Main/view_indicator.aspx?iid=4420,PUBLISHED,Published,,2010,2010,,EUR,Europe,,,,,NOR,Norway,,6,6,,,
WHS_PBR,Preterm birth rate (per 100 live births),http://apps.who.int/gho/indicatorregistry/App_Main/view_indicator.aspx?iid=4420,PUBLISHED,Published,,2010,2010,,EUR,Europe,,,,,GBR,United Kingdom of Great Britain and Northern Ireland,,8,8,,,
WHOSIS_000006,Infants exclusively breastfed for the first six months of life (%),http://apps.who.int/gho/indicatorregistry/App_Main/view_indicator.aspx?iid=130,PUBLISHED,Published,,2011,2011,,AFR,Africa,,WB_LI,Low-income,,ETH,Ethiopia,,52,52,,,
WHS_PBR,Preterm birth rate (per 100 live births),http://apps.who.int/gho/indicatorregistry/App_Main/view_indicator.aspx?iid=4420,PUBLISHED,Published,,2010,2010,,EUR,Europe,,,,,SVK,Slovakia,,6,6,,,
WHS_PBR,Preterm birth rate (per 100 live births),http://apps.who.int/gho/indicatorregistry/App_Main/view_indicator.aspx?iid=4420,PUBLISHED,Published,,2010,2010,,EUR,Europe,,,,,LTU,Lithuania,,6,6,,,
WHOSIS_000006,Infants exclusively breastfed for the first six months of life (%),http://apps.who.int/gho/indicatorregistry/App_Main/view_indicator.aspx?iid=130,PUBLISHED,Published,,2002,2002,,AFR,Africa,,WB_UMI,Upper-middle-income,,MUS,Mauritius,,21,21,,,
WHOSIS_000006,Infants exclusively breastfed for the first six months of life (%),http://apps.who.int/gho/indicatorregistry/App_Main/view_indicator.aspx?iid=130,PUBLISHED,Published,,2010,2010,,SEAR,South-East Asia,,WB_LMI,Lower-middle-income,,BTN,Bhutan,,49,49,,,
WHOSIS_000006,Infants exclusively breastfed for the first six months of life (%),http://apps.who.int/gho/indicatorregistry/App_Main/view_indicator.aspx?iid=130,PUBLISHED,Published,,2013,2013,,EMR,Eastern Mediterranean,,WB_LMI,Lower-middle-income,,PAK,Pakistan,,38,38,,,
WHS_PBR,Preterm birth rate (per 100 live births),http://apps.who.int/gho/indicatorregistry/App_Main/view_indicator.aspx?iid=4420,PUBLISHED,Published,,2010,2010,,WPR,Western Pacific,,,,,VNM,Viet Nam,,9,9,,,
WHS_PBR,Preterm birth rate (per 100 live births),http://apps.who.int/gho/indicatorregistry/App_Main/view_indicator.aspx?iid=4420,PUBLISHED,Published,,2010,2010,,EUR,Europe,,,,,UKR,Ukraine,,7,7,,,
WHS_PBR,Preterm birth rate (per 100 live births),http://apps.who.int/gho/indicatorregistry/App_Main/view_indicator.aspx?iid=4420,PUBLISHED,Published,,2010,2010,,SEAR,South-East Asia,,,,,MMR,Myanmar,,12,12,,,
WHOSIS_000006,Infants exclusively breastfed for the first six months of life (%),http://apps.who.int/gho/indicatorregistry/App_Main/view_indicator.aspx?iid=130,PUBLISHED,Published,,2013,2013,,AFR,Africa,,WB_LMI,Lower-middle-income,,NGA,Nigeria,,17,17,,,
WHOSIS_000006,Infants exclusively breastfed for the first six months of life (%),http://apps.who.int/gho/indicatorregistry/App_Main/view_indicator.aspx?iid=130,PUBLISHED,Published,,2012,2012,,EUR,Europe,,WB_LI,Low-income,,KGZ,Kyrgyzstan,,56,56,,,
WHS_PBR,Preterm birth rate (per 100 live births),http://apps.who.int/gho/indicatorregistry/App_Main/view_indicator.aspx?iid=4420,PUBLISHED,Published,,2010,2010,,AFR,Africa,,,,,MRT,Mauritania,,15,15,,,
WHS_PBR,Preterm birth rate (per 100 live births),http://apps.who.int/gho/indicatorregistry/App_Main/view_indicator.aspx?iid=4420,PUBLISHED,Published,,2010,2010,,WPR,Western Pacific,,,,,PHL,Philippines,,15,15,,,
WHS_PBR,Preterm birth rate (per 100 live births),http://apps.who.int/gho/indicatorregistry/App_Main/view_indicator.aspx?iid=4420,PUBLISHED,Published,,2010,2010,,AFR,Africa,,,,,ZWE,Zimbabwe,,17,17,,,
WHOSIS_000006,Infants exclusively breastfed for the first six months of life (%),http://apps.who.int/gho/indicatorregistry/App_Main/view_indicator.aspx?iid=130,PUBLISHED,Published,,2003,2003,,EUR,Europe,,WB_HI,High-income,,PRT,Portugal,,34,34,,,Data refer to exclusive breastfeeding at 6 months.  These estimates are lower than the standard measure of exclusive breastfeeding averaged over the first six months.
WHS_PBR,Preterm birth rate (per 100 live births),http://apps.who.int/gho/indicatorregistry/App_Main/view_indicator.aspx?iid=4420,PUBLISHED,Published,,2010,2010,,EMR,Eastern Mediterranean,,,,,KWT,Kuwait,,11,11,,,
WHOSIS_000006,Infants exclusively breastfed for the first six months of life (%),http://apps.who.int/gho/indicatorregistry/App_Main/view_indicator.aspx?iid=130,PUBLISHED,Published,,2014,2014,,AMR,Americas,,WB_UMI,Upper-middle-income,,CHL,Chile,,44,44,,,
WHS_PBR,Preterm birth rate (per 100 live births),http://apps.who.int/gho/indicatorregistry/App_Main/view_indicator.aspx?iid=4420,PUBLISHED,Published,,2010,2010,,AMR,Americas,,,,,BRA,Brazil,,9,9,,,
WHOSIS_000006,Infants exclusively breastfed for the first six months of life (%),http://apps.who.int/gho/indicatorregistry/App_Main/view_indicator.aspx?iid=130,PUBLISHED,Published,,2012-2013,2012-2013,,AMR,Americas,,WB_LMI,Lower-middle-income,,ECU,Ecuador,,44,44,,,
WHOSIS_000006,Infants exclusively breastfed for the first six months of life (%),http://apps.who.int/gho/indicatorregistry/App_Main/view_indicator.aspx?iid=130,PUBLISHED,Published,,2009,2009,,SEAR,South-East Asia,,WB_LMI,Lower-middle-income,,MDV,Maldives,,48,48,,,
WHS_PBR,Preterm birth rate (per 100 live births),http://apps.who.int/gho/indicatorregistry/App_Main/view_indicator.aspx?iid=4420,PUBLISHED,Published,,2010,2010,,EUR,Europe,,,,,GRC,Greece,,7,7,,,
WHS_PBR,Preterm birth rate (per 100 live births),http://apps.who.int/gho/indicatorregistry/App_Main/view_indicator.aspx?iid=4420,PUBLISHED,Published,,2010,2010,,EMR,Eastern Mediterranean,,,,,ARE,United Arab Emirates,,8,8,,,
WHS_PBR,Preterm birth rate (per 100 live births),http://apps.who.int/gho/indicatorregistry/App_Main/view_indicator.aspx?iid=4420,PUBLISHED,Published,,2010,2010,,EMR,Eastern Mediterranean,,,,,QAT,Qatar,,11,11,,,
WHS_PBR,Preterm birth rate (per 100 live births),http://apps.who.int/gho/indicatorregistry/App_Main/view_indicator.aspx?iid=4420,PUBLISHED,Published,,2010,2010,,EUR,Europe,,,,,SVN,Slovenia,,8,8,,,
WHOSIS_000006,Infants exclusively breastfed for the first six months of life (%),http://apps.who.int/gho/indicatorregistry/App_Main/view_indicator.aspx?iid=130,PUBLISHED,Published,,2010,2010,,AFR,Africa,,WB_LI,Low-income,,ERI,Eritrea,,69,69,,,
WHS_PBR,Preterm birth rate (per 100 live births),http://apps.who.int/gho/indicatorregistry/App_Main/view_indicator.aspx?iid=4420,PUBLISHED,Published,,2010,2010,,AMR,Americas,,,,,DMA,Dominica,,12,12,,,
WHS_PBR,Preterm birth rate (per 100 live births),http://apps.who.int/gho/indicatorregistry/App_Main/view_indicator.aspx?iid=4420,PUBLISHED,Published,,2010,2010,,EUR,Europe,,,,,GEO,Georgia,,9,9,,,
WHS_PBR,Preterm birth rate (per 100 live births),http://apps.who.int/gho/indicatorregistry/App_Main/view_indicator.aspx?iid=4420,PUBLISHED,Published,,2010,2010,,AMR,Americas,,,,,BRB,Barbados,,9,9,,,
WHOSIS_000006,Infants exclusively breastfed for the first six months of life (%),http://apps.who.int/gho/indicatorregistry/App_Main/view_indicator.aspx?iid=130,PUBLISHED,Published,,2012,2012,,WPR,Western Pacific,,WB_LMI,Lower-middle-income,,TON,Tonga,,52,52,,,
WHS_PBR,Preterm birth rate (per 100 live births),http://apps.who.int/gho/indicatorregistry/App_Main/view_indicator.aspx?iid=4420,PUBLISHED,Published,,2010,2010,,EMR,Eastern Mediterranean,,,,,BHR,Bahrain,,14,14,,,
WHS_PBR,Preterm birth rate (per 100 live births),http://apps.who.int/gho/indicatorregistry/App_Main/view_indicator.aspx?iid=4420,PUBLISHED,Published,,2010,2010,,EMR,Eastern Mediterranean,,,,,YEM,Yemen,,13,13,,,
WHS_PBR,Preterm birth rate (per 100 live births),http://apps.who.int/gho/indicatorregistry/App_Main/view_indicator.aspx?iid=4420,PUBLISHED,Published,,2010,2010,,EUR,Europe,,,,,MLT,Malta,,6,6,,,
WHS_PBR,Preterm birth rate (per 100 live births),http://apps.who.int/gho/indicatorregistry/App_Main/view_indicator.aspx?iid=4420,PUBLISHED,Published,,2010,2010,,AFR,Africa,,,,,STP,Sao Tome and Principe,,11,11,,,
WHOSIS_000006,Infants exclusively breastfed for the first six months of life (%),http://apps.who.int/gho/indicatorregistry/App_Main/view_indicator.aspx?iid=130,PUBLISHED,Published,,2012,2012,,SEAR,South-East Asia,,WB_LI,Low-income,,PRK,Democratic People's Republic of Korea,,69,69,,,
WHS_PBR,Preterm birth rate (per 100 live births),http://apps.who.int/gho/indicatorregistry/App_Main/view_indicator.aspx?iid=4420,PUBLISHED,Published,,2010,2010,,AFR,Africa,,,,,TGO,Togo,,13,13,,,
WHS_PBR,Preterm birth rate (per 100 live births),http://apps.who.int/gho/indicatorregistry/App_Main/view_indicator.aspx?iid=4420,PUBLISHED,Published,,2010,2010,,AFR,Africa,,,,,NAM,Namibia,,14,14,,,
WHS_PBR,Preterm birth rate (per 100 live births),http://apps.who.int/gho/indicatorregistry/App_Main/view_indicator.aspx?iid=4420,PUBLISHED,Published,,2010,2010,,EUR,Europe,,,,,DEU,Germany,,9,9,,,
WHOSIS_000006,Infants exclusively breastfed for the first six months of life (%),http://apps.who.int/gho/indicatorregistry/App_Main/view_indicator.aspx?iid=130,PUBLISHED,Published,,2012,2012,,AFR,Africa,,WB_LI,Low-income,,LBR,Liberia,,55,55,,,
WHS_PBR,Preterm birth rate (per 100 live births),http://apps.who.int/gho/indicatorregistry/App_Main/view_indicator.aspx?iid=4420,PUBLISHED,Published,,2010,2010,,AFR,Africa,,,,,MUS,Mauritius,,13,13,,,
WHOSIS_000006,Infants exclusively breastfed for the first six months of life (%),http://apps.who.int/gho/indicatorregistry/App_Main/view_indicator.aspx?iid=130,PUBLISHED,Published,,2003,2003,,EUR,Europe,,WB_HI,High-income,,NOR,Norway,,7,7,,,Data refer to exclusive breastfeeding at 6 months.  These estimates are lower than the standard measure of exclusive breastfeeding averaged over the first six months.
WHOSIS_000006,Infants exclusively breastfed for the first six months of life (%),http://apps.who.int/gho/indicatorregistry/App_Main/view_indicator.aspx?iid=130,PUBLISHED,Published,,2006,2006,,AMR,Americas,,WB_HI,High-income,,TTO,Trinidad and Tobago,,13,13,,,
WHOSIS_000006,Infants exclusively breastfed for the first six months of life (%),http://apps.who.int/gho/indicatorregistry/App_Main/view_indicator.aspx?iid=130,PUBLISHED,Published,,2010,2010,,AFR,Africa,,WB_LI,Low-income,,GNB,Guinea-Bissau,,38,38,,,
WHOSIS_000006,Infants exclusively breastfed for the first six months of life (%),http://apps.who.int/gho/indicatorregistry/App_Main/view_indicator.aspx?iid=130,PUBLISHED,Published,,2008,2008,,AMR,Americas,,WB_LMI,Lower-middle-income,,BOL,Bolivia (Plurinational State of),,60,60,,,
WHOSIS_000006,Infants exclusively breastfed for the first six months of life (%),http://apps.who.int/gho/indicatorregistry/App_Main/view_indicator.aspx?iid=130,PUBLISHED,Published,,2010,2010,,EUR,Europe,,WB_HI,High-income,,GBR,United Kingdom of Great Britain and Northern Ireland,,1,1,,,Data refer to exclusive breastfeeding at 6 months.  These estimates are lower than the standard measure of exclusive breastfeeding averaged over the first six months.
WHS_PBR,Preterm birth rate (per 100 live births),http://apps.who.int/gho/indicatorregistry/App_Main/view_indicator.aspx?iid=4420,PUBLISHED,Published,,2010,2010,,SEAR,South-East Asia,,,,,MDV,Maldives,,8,8,,,
WHS_PBR,Preterm birth rate (per 100 live births),http://apps.who.int/gho/indicatorregistry/App_Main/view_indicator.aspx?iid=4420,PUBLISHED,Published,,2010,2010,,AMR,Americas,,,,,NIC,Nicaragua,,9,9,,,
WHS_PBR,Preterm birth rate (per 100 live births),http://apps.who.int/gho/indicatorregistry/App_Main/view_indicator.aspx?iid=4420,PUBLISHED,Published,,2010,2010,,AFR,Africa,,,,,BDI,Burundi,,11,11,,,
WHOSIS_000006,Infants exclusively breastfed for the first six months of life (%),http://apps.who.int/gho/indicatorregistry/App_Main/view_indicator.aspx?iid=130,PUBLISHED,Published,,2007,2007,,WPR,Western Pacific,,WB_LMI,Lower-middle-income,,VUT,Vanuatu,,40,40,,,
WHOSIS_000006,Infants exclusively breastfed for the first six months of life (%),http://apps.who.int/gho/indicatorregistry/App_Main/view_indicator.aspx?iid=130,PUBLISHED,Published,,2008,2008,,EUR,Europe,,WB_HI,High-income,,LUX,Luxembourg,,6,6,,,Data refer to exclusive breastfeeding at 6 months.  These estimates are lower than the standard measure of exclusive breastfeeding averaged over the first six months.
WHOSIS_000006,Infants exclusively breastfed for the first six months of life (%),http://apps.who.int/gho/indicatorregistry/App_Main/view_indicator.aspx?iid=130,PUBLISHED,Published,,2008,2008,,EUR,Europe,,WB_UMI,Upper-middle-income,,TUR,Turkey,,42,42,,,
WHOSIS_000006,Infants exclusively breastfed for the first six months of life (%),http://apps.who.int/gho/indicatorregistry/App_Main/view_indicator.aspx?iid=130,PUBLISHED,Published,,2006-2007,2006-2007,,AMR,Americas,,WB_LMI,Lower-middle-income,,NIC,Nicaragua,,31,31,,,
WHOSIS_000006,Infants exclusively breastfed for the first six months of life (%),http://apps.who.int/gho/indicatorregistry/App_Main/view_indicator.aspx?iid=130,PUBLISHED,Published,,2011,2011,,AFR,Africa,,WB_LI,Low-income,,UGA,Uganda,,63,63,,,
WHS_PBR,Preterm birth rate (per 100 live births),http://apps.who.int/gho/indicatorregistry/App_Main/view_indicator.aspx?iid=4420,PUBLISHED,Published,,2010,2010,,EUR,Europe,,,,,FIN,Finland,,6,6,,,
WHOSIS_000006,Infants exclusively breastfed for the first six months of life (%),http://apps.who.int/gho/indicatorregistry/App_Main/view_indicator.aspx?iid=130,PUBLISHED,Published,,2011-2012,2011-2012,,AFR,Africa,,WB_LMI,Lower-middle-income,,CIV,Cote d'Ivoire,,12,12,,,
WHOSIS_000006,Infants exclusively breastfed for the first six months of life (%),http://apps.who.int/gho/indicatorregistry/App_Main/view_indicator.aspx?iid=130,PUBLISHED,Published,,2011,2011,,AFR,Africa,,WB_LI,Low-income,,MOZ,Mozambique,,43,43,,,
WHS_PBR,Preterm birth rate (per 100 live births),http://apps.who.int/gho/indicatorregistry/App_Main/view_indicator.aspx?iid=4420,PUBLISHED,Published,,2010,2010,,AMR,Americas,,,,,URY,Uruguay,,10,10,,,
WHOSIS_000006,Infants exclusively breastfed for the first six months of life (%),http://apps.who.int/gho/indicatorregistry/App_Main/view_indicator.aspx?iid=130,PUBLISHED,Published,,2010,2010,,AFR,Africa,,WB_LI,Low-income,,CAF,Central African Republic,,34,34,,,
WHOSIS_000006,Infants exclusively breastfed for the first six months of life (%),http://apps.who.int/gho/indicatorregistry/App_Main/view_indicator.aspx?iid=130,PUBLISHED,Published,,2011,2011,,EUR,Europe,,WB_HI,High-income,,SWE,Sweden,,14,14,,,Data refer to exclusive breastfeeding at 6 months.  These estimates are lower than the standard measure of exclusive breastfeeding averaged over the first six months.
WHOSIS_000006,Infants exclusively breastfed for the first six months of life (%),http://apps.who.int/gho/indicatorregistry/App_Main/view_indicator.aspx?iid=130,PUBLISHED,Published,,2007,2007,,WPR,Western Pacific,,WB_LMI,Lower-middle-income,,SLB,Solomon Islands,,74,74,,,
WHOSIS_000006,Infants exclusively breastfed for the first six months of life (%),http://apps.who.int/gho/indicatorregistry/App_Main/view_indicator.aspx?iid=130,PUBLISHED,Published,,2005-2006,2005-2006,,EUR,Europe,,WB_HI,High-income,,AUT,Austria,,10,10,,,Data refer to exclusive breastfeeding at 6 months.  These estimates are lower than the standard measure of exclusive breastfeeding averaged over the first six months.
WHS_PBR,Preterm birth rate (per 100 live births),http://apps.who.int/gho/indicatorregistry/App_Main/view_indicator.aspx?iid=4420,PUBLISHED,Published,,2010,2010,,WPR,Western Pacific,,,,,MNG,Mongolia,,14,14,,,
WHS_PBR,Preterm birth rate (per 100 live births),http://apps.who.int/gho/indicatorregistry/App_Main/view_indicator.aspx?iid=4420,PUBLISHED,Published,,2010,2010,,AMR,Americas,,,,,GRD,Grenada,,10,10,,,
WHOSIS_000006,Infants exclusively breastfed for the first six months of life (%),http://apps.who.int/gho/indicatorregistry/App_Main/view_indicator.aspx?iid=130,PUBLISHED,Published,,2012,2012,,AMR,Americas,,WB_UMI,Upper-middle-income,,MEX,Mexico,,14,14,,,
WHS_PBR,Preterm birth rate (per 100 live births),http://apps.who.int/gho/indicatorregistry/App_Main/view_indicator.aspx?iid=4420,PUBLISHED,Published,,2010,2010,,AFR,Africa,,,,,RWA,Rwanda,,10,10,,,
WHS_PBR,Preterm birth rate (per 100 live births),http://apps.who.int/gho/indicatorregistry/App_Main/view_indicator.aspx?iid=4420,PUBLISHED,Published,,2010,2010,,SEAR,South-East Asia,,,,,PRK,Democratic People's Republic of Korea,,11,11,,,
WHS_PBR,Preterm birth rate (per 100 live births),http://apps.who.int/gho/indicatorregistry/App_Main/view_indicator.aspx?iid=4420,PUBLISHED,Published,,2010,2010,,EUR,Europe,,,,,BGR,Bulgaria,,8,8,,,
WHS_PBR,Preterm birth rate (per 100 live births),http://apps.who.int/gho/indicatorregistry/App_Main/view_indicator.aspx?iid=4420,PUBLISHED,Published,,2010,2010,,EUR,Europe,,,,,TUR,Turkey,,12,12,,,
WHOSIS_000006,Infants exclusively breastfed for the first six months of life (%),http://apps.who.int/gho/indicatorregistry/App_Main/view_indicator.aspx?iid=130,PUBLISHED,Published,,2003,2003,,AFR,Africa,,WB_UMI,Upper-middle-income,,ZAF,South Africa,,8,8,,,
WHOSIS_000006,Infants exclusively breastfed for the first six months of life (%),http://apps.who.int/gho/indicatorregistry/App_Main/view_indicator.aspx?iid=130,PUBLISHED,Published,,2011,2011,,EUR,Europe,,WB_UMI,Upper-middle-income,,MKD,The former Yugoslav republic of Macedonia,,23,23,,,
WHS_PBR,Preterm birth rate (per 100 live births),http://apps.who.int/gho/indicatorregistry/App_Main/view_indicator.aspx?iid=4420,PUBLISHED,Published,,2010,2010,,EUR,Europe,,,,,NLD,Netherlands,,8,8,,,
WHS_PBR,Preterm birth rate (per 100 live births),http://apps.who.int/gho/indicatorregistry/App_Main/view_indicator.aspx?iid=4420,PUBLISHED,Published,,2010,2010,,AMR,Americas,,,,,BHS,Bahamas,,10,10,,,
WHS_PBR,Preterm birth rate (per 100 live births),http://apps.who.int/gho/indicatorregistry/App_Main/view_indicator.aspx?iid=4420,PUBLISHED,Published,,2010,2010,,AMR,Americas,,,,,CHL,Chile,,7,7,,,
WHS_PBR,Preterm birth rate (per 100 live births),http://apps.who.int/gho/indicatorregistry/App_Main/view_indicator.aspx?iid=4420,PUBLISHED,Published,,2010,2010,,AMR,Americas,,,,,PER,Peru,,7,7,,,
WHS_PBR,Preterm birth rate (per 100 live births),http://apps.who.int/gho/indicatorregistry/App_Main/view_indicator.aspx?iid=4420,PUBLISHED,Published,,2010,2010,,EMR,Eastern Mediterranean,,,,,SOM,Somalia,,12,12,,,
WHS_PBR,Preterm birth rate (per 100 live births),http://apps.who.int/gho/indicatorregistry/App_Main/view_indicator.aspx?iid=4420,PUBLISHED,Published,,2010,2010,,AMR,Americas,,,,,CUB,Cuba,,6,6,,,
WHOSIS_000006,Infants exclusively breastfed for the first six months of life (%),http://apps.who.int/gho/indicatorregistry/App_Main/view_indicator.aspx?iid=130,PUBLISHED,Published,,2011,2011,,AMR,Americas,,WB_HI,High-income,,USA,United States of America,,19,19,,,Data refer to exclusive breastfeeding at 6 months.  These estimates are lower than the standard measure of exclusive breastfeeding averaged over the first six months.
WHS_PBR,Preterm birth rate (per 100 live births),http://apps.who.int/gho/indicatorregistry/App_Main/view_indicator.aspx?iid=4420,PUBLISHED,Published,,2010,2010,,EUR,Europe,,,,,MDA,Republic of Moldova,,12,12,,,
WHOSIS_000006,Infants exclusively breastfed for the first six months of life (%),http://apps.who.int/gho/indicatorregistry/App_Main/view_indicator.aspx?iid=130,PUBLISHED,Published,,2009-2010,2009-2010,,SEAR,South-East Asia,,WB_LI,Low-income,,MMR,Myanmar,,24,24,,,
WHOSIS_000006,Infants exclusively breastfed for the first six months of life (%),http://apps.who.int/gho/indicatorregistry/App_Main/view_indicator.aspx?iid=130,PUBLISHED,Published,,2009-2010,2009-2010,,SEAR,South-East Asia,,WB_LMI,Lower-middle-income,,TLS,Timor-Leste,,52,52,,,
WHOSIS_000006,Infants exclusively breastfed for the first six months of life (%),http://apps.who.int/gho/indicatorregistry/App_Main/view_indicator.aspx?iid=130,PUBLISHED,Published,,2010,2010,,AFR,Africa,,WB_LI,Low-income,,COD,Democratic Republic of the Congo,,37,37,,,
WHS_PBR,Preterm birth rate (per 100 live births),http://apps.who.int/gho/indicatorregistry/App_Main/view_indicator.aspx?iid=4420,PUBLISHED,Published,,2010,2010,,EUR,Europe,,,,,TJK,Tajikistan,,11,11,,,
WHOSIS_000006,Infants exclusively breastfed for the first six months of life (%),http://apps.who.int/gho/indicatorregistry/App_Main/view_indicator.aspx?iid=130,PUBLISHED,Published,,2012,2012,,AFR,Africa,,WB_LI,Low-income,,NER,Niger,,23,23,,,
WHS_PBR,Preterm birth rate (per 100 live births),http://apps.who.int/gho/indicatorregistry/App_Main/view_indicator.aspx?iid=4420,PUBLISHED,Published,,2010,2010,,AMR,Americas,,,,,BLZ,Belize,,10,10,,,
WHOSIS_000006,Infants exclusively breastfed for the first six months of life (%),http://apps.who.int/gho/indicatorregistry/App_Main/view_indicator.aspx?iid=130,PUBLISHED,Published,,2012,2012,,EUR,Europe,,WB_LMI,Lower-middle-income,,UKR,Ukraine,,20,20,,,
WHS_PBR,Preterm birth rate (per 100 live births),http://apps.who.int/gho/indicatorregistry/App_Main/view_indicator.aspx?iid=4420,PUBLISHED,Published,,2010,2010,,WPR,Western Pacific,,,,,FSM,Micronesia (Federated States of),,11,11,,,
WHS_PBR,Preterm birth rate (per 100 live births),http://apps.who.int/gho/indicatorregistry/App_Main/view_indicator.aspx?iid=4420,PUBLISHED,Published,,2010,2010,,WPR,Western Pacific,,,,,PNG,Papua New Guinea,,7,7,,,
WHOSIS_000006,Infants exclusively breastfed for the first six months of life (%),http://apps.who.int/gho/indicatorregistry/App_Main/view_indicator.aspx?iid=130,PUBLISHED,Published,,2008-2009,2008-2009,,AFR,Africa,,WB_LMI,Lower-middle-income,,STP,Sao Tome and Principe,,51,51,,,
WHS_PBR,Preterm birth rate (per 100 live births),http://apps.who.int/gho/indicatorregistry/App_Main/view_indicator.aspx?iid=4420,PUBLISHED,Published,,2010,2010,,EUR,Europe,,,,,KAZ,Kazakhstan,,9,9,,,
WHS_PBR,Preterm birth rate (per 100 live births),http://apps.who.int/gho/indicatorregistry/App_Main/view_indicator.aspx?iid=4420,PUBLISHED,Published,,2010,2010,,AFR,Africa,,,,,SEN,Senegal,,10,10,,,
WHOSIS_000006,Infants exclusively breastfed for the first six months of life (%),http://apps.who.int/gho/indicatorregistry/App_Main/view_indicator.aspx?iid=130,PUBLISHED,Published,,2007,2007,,WPR,Western Pacific,,WB_UMI,Upper-middle-income,,TUV,Tuvalu,,35,35,,,
WHOSIS_000006,Infants exclusively breastfed for the first six months of life (%),http://apps.who.int/gho/indicatorregistry/App_Main/view_indicator.aspx?iid=130,PUBLISHED,Published,,2011,2011,,EUR,Europe,,WB_HI,High-income,,CZE,Czech Republic,,18,18,,,Data refer to exclusive breastfeeding at 6 months.  These estimates are lower than the standard measure of exclusive breastfeeding averaged over the first six months.
WHS_PBR,Preterm birth rate (per 100 live births),http://apps.who.int/gho/indicatorregistry/App_Main/view_indicator.aspx?iid=4420,PUBLISHED,Published,,2010,2010,,AFR,Africa,,,,,NER,Niger,,9,9,,,
WHS_PBR,Preterm birth rate (per 100 live births),http://apps.who.int/gho/indicatorregistry/App_Main/view_indicator.aspx?iid=4420,PUBLISHED,Published,,2010,2010,,AFR,Africa,,,,,MWI,Malawi,,18,18,,,
WHS_PBR,Preterm birth rate (per 100 live births),http://apps.who.int/gho/indicatorregistry/App_Main/view_indicator.aspx?iid=4420,PUBLISHED,Published,,2010,2010,,SEAR,South-East Asia,,,,,IDN,Indonesia,,16,16,,,
WHOSIS_000006,Infants exclusively breastfed for the first six months of life (%),http://apps.who.int/gho/indicatorregistry/App_Main/view_indicator.aspx?iid=130,PUBLISHED,Published,,2004,2004,,WPR,Western Pacific,,WB_UMI,Upper-middle-income,,FJI,Fiji,,40,40,,,
WHS_PBR,Preterm birth rate (per 100 live births),http://apps.who.int/gho/indicatorregistry/App_Main/view_indicator.aspx?iid=4420,PUBLISHED,Published,,2010,2010,,AMR,Americas,,,,,BOL,Bolivia (Plurinational State of),,9,9,,,
WHOSIS_000006,Infants exclusively breastfed for the first six months of life (%),http://apps.who.int/gho/indicatorregistry/App_Main/view_indicator.aspx?iid=130,PUBLISHED,Published,,2008-2009,2008-2009,,AFR,Africa,,WB_LI,Low-income,,KEN,Kenya,,32,32,,,
WHS_PBR,Preterm birth rate (per 100 live births),http://apps.who.int/gho/indicatorregistry/App_Main/view_indicator.aspx?iid=4420,PUBLISHED,Published,,2010,2010,,EUR,Europe,,,,,ROU,Romania,,7,7,,,
WHS_PBR,Preterm birth rate (per 100 live births),http://apps.who.int/gho/indicatorregistry/App_Main/view_indicator.aspx?iid=4420,PUBLISHED,Published,,2010,2010,,EUR,Europe,,,,,HRV,Croatia,,6,6,,,
WHOSIS_000006,Infants exclusively breastfed for the first six months of life (%),http://apps.who.int/gho/indicatorregistry/App_Main/view_indicator.aspx?iid=130,PUBLISHED,Published,,2011-2012,2011-2012,,AMR,Americas,,WB_LMI,Lower-middle-income,,HND,Honduras,,31,31,,,
WHS_PBR,Preterm birth rate (per 100 live births),http://apps.who.int/gho/indicatorregistry/App_Main/view_indicator.aspx?iid=4420,PUBLISHED,Published,,2010,2010,,EUR,Europe,,,,,CHE,Switzerland,,7,7,,,
WHS_PBR,Preterm birth rate (per 100 live births),http://apps.who.int/gho/indicatorregistry/App_Main/view_indicator.aspx?iid=4420,PUBLISHED,Published,,2010,2010,,WPR,Western Pacific,,,,,JPN,Japan,,6,6,,,
WHS_PBR,Preterm birth rate (per 100 live births),http://apps.who.int/gho/indicatorregistry/App_Main/view_indicator.aspx?iid=4420,PUBLISHED,Published,,2010,2010,,EMR,Eastern Mediterranean,,,,,IRN,Iran (Islamic Republic of),,13,13,,,
WHOSIS_000006,Infants exclusively breastfed for the first six months of life (%),http://apps.who.int/gho/indicatorregistry/App_Main/view_indicator.aspx?iid=130,PUBLISHED,Published,,2011-2012,2011-2012,,AFR,Africa,,WB_LMI,Lower-middle-income,,COG,Congo,,21,21,,,
WHOSIS_000006,Infants exclusively breastfed for the first six months of life (%),http://apps.who.int/gho/indicatorregistry/App_Main/view_indicator.aspx?iid=130,PUBLISHED,Published,,1998-1999,1998-1999,,EUR,Europe,,WB_HI,High-income,,ISR,Israel,,11,11,,,Data refer to exclusive breastfeeding at 6 months.  These estimates are lower than the standard measure of exclusive breastfeeding averaged over the first six months.
WHOSIS_000006,Infants exclusively breastfed for the first six months of life (%),http://apps.who.int/gho/indicatorregistry/App_Main/view_indicator.aspx?iid=130,PUBLISHED,Published,,2012,2012,,SEAR,South-East Asia,,WB_LMI,Lower-middle-income,,THA,Thailand,,12,12,,,
WHOSIS_000006,Infants exclusively breastfed for the first six months of life (%),http://apps.who.int/gho/indicatorregistry/App_Main/view_indicator.aspx?iid=130,PUBLISHED,Published,,2008-2009,2008-2009,,EUR,Europe,,WB_LMI,Lower-middle-income,,ALB,Albania,,39,39,,,
WHS_PBR,Preterm birth rate (per 100 live births),http://apps.who.int/gho/indicatorregistry/App_Main/view_indicator.aspx?iid=4420,PUBLISHED,Published,,2010,2010,,EMR,Eastern Mediterranean,,,,,LBN,Lebanon,,8,8,,,
WHS_PBR,Preterm birth rate (per 100 live births),http://apps.who.int/gho/indicatorregistry/App_Main/view_indicator.aspx?iid=4420,PUBLISHED,Published,,2010,2010,,EMR,Eastern Mediterranean,,,,,SAU,Saudi Arabia,,6,6,,,
WHOSIS_000006,Infants exclusively breastfed for the first six months of life (%),http://apps.who.int/gho/indicatorregistry/App_Main/view_indicator.aspx?iid=130,PUBLISHED,Published,,2006,2006,,EUR,Europe,,WB_LI,Low-income,,UZB,Uzbekistan,,26,26,,,
WHOSIS_000006,Infants exclusively breastfed for the first six months of life (%),http://apps.who.int/gho/indicatorregistry/App_Main/view_indicator.aspx?iid=130,PUBLISHED,Published,,2003-2006,2003-2006,,EUR,Europe,,WB_HI,High-income,,DEU,Germany,,22,22,,,
WHS_PBR,Preterm birth rate (per 100 live births),http://apps.who.int/gho/indicatorregistry/App_Main/view_indicator.aspx?iid=4420,PUBLISHED,Published,,2010,2010,,AMR,Americas,,,,,DOM,Dominican Republic,,11,11,,,
WHS_PBR,Preterm birth rate (per 100 live births),http://apps.who.int/gho/indicatorregistry/App_Main/view_indicator.aspx?iid=4420,PUBLISHED,Published,,2010,2010,,SEAR,South-East Asia,,,,,IND,India,,13,13,,,
WHS_PBR,Preterm birth rate (per 100 live births),http://apps.who.int/gho/indicatorregistry/App_Main/view_indicator.aspx?iid=4420,PUBLISHED,Published,,2010,2010,,SEAR,South-East Asia,,,,,BTN,Bhutan,,10,10,,,
WHS_PBR,Preterm birth rate (per 100 live births),http://apps.who.int/gho/indicatorregistry/App_Main/view_indicator.aspx?iid=4420,PUBLISHED,Published,,2010,2010,,EUR,Europe,,,,,ESP,Spain,,7,7,,,
WHS_PBR,Preterm birth rate (per 100 live births),http://apps.who.int/gho/indicatorregistry/App_Main/view_indicator.aspx?iid=4420,PUBLISHED,Published,,2010,2010,,EUR,Europe,,,,,RUS,Russian Federation,,7,7,,,
WHS_PBR,Preterm birth rate (per 100 live births),http://apps.who.int/gho/indicatorregistry/App_Main/view_indicator.aspx?iid=4420,PUBLISHED,Published,,2010,2010,,AMR,Americas,,,,,SLV,El Salvador,,13,13,,,
WHOSIS_000006,Infants exclusively breastfed for the first six months of life (%),http://apps.who.int/gho/indicatorregistry/App_Main/view_indicator.aspx?iid=130,PUBLISHED,Published,,2008,2008,,AMR,Americas,,WB_LMI,Lower-middle-income,,SLV,El Salvador,,31,31,,,
WHS_PBR,Preterm birth rate (per 100 live births),http://apps.who.int/gho/indicatorregistry/App_Main/view_indicator.aspx?iid=4420,PUBLISHED,Published,,2010,2010,,EMR,Eastern Mediterranean,,,,,SYR,Syrian Arab Republic,,11,11,,,
WHS_PBR,Preterm birth rate (per 100 live births),http://apps.who.int/gho/indicatorregistry/App_Main/view_indicator.aspx?iid=4420,PUBLISHED,Published,,2010,2010,,EUR,Europe,,,,,BEL,Belgium,,8,8,,,
WHOSIS_000006,Infants exclusively breastfed for the first six months of life (%),http://apps.who.int/gho/indicatorregistry/App_Main/view_indicator.aspx?iid=130,PUBLISHED,Published,,2011,2011,,SEAR,South-East Asia,,WB_LI,Low-income,,NPL,Nepal,,70,70,,,
WHOSIS_000006,Infants exclusively breastfed for the first six months of life (%),http://apps.who.int/gho/indicatorregistry/App_Main/view_indicator.aspx?iid=130,PUBLISHED,Published,,2011,2011,,EUR,Europe,,WB_HI,High-income,,FIN,Finland,,1,1,,,Data refer to exclusive breastfeeding at 6 months.  These estimates are lower than the standard measure of exclusive breastfeeding averaged over the first six months.
WHOSIS_000006,Infants exclusively breastfed for the first six months of life (%),http://apps.who.int/gho/indicatorregistry/App_Main/view_indicator.aspx?iid=130,PUBLISHED,Published,,2005-2006,2005-2006,,EUR,Europe,,WB_UMI,Upper-middle-income,,MNE,Montenegro,,19,19,,,
WHS_PBR,Preterm birth rate (per 100 live births),http://apps.who.int/gho/indicatorregistry/App_Main/view_indicator.aspx?iid=4420,PUBLISHED,Published,,2010,2010,,EUR,Europe,,,,,MNE,Montenegro,,9,9,,,
WHS_PBR,Preterm birth rate (per 100 live births),http://apps.who.int/gho/indicatorregistry/App_Main/view_indicator.aspx?iid=4420,PUBLISHED,Published,,2010,2010,,AMR,Americas,,,,,GTM,Guatemala,,8,8,,,
WHOSIS_000006,Infants exclusively breastfed for the first six months of life (%),http://apps.who.int/gho/indicatorregistry/App_Main/view_indicator.aspx?iid=130,PUBLISHED,Published,,2012,2012,,EUR,Europe,,WB_HI,High-income,,DNK,Denmark,,17,17,,,Data refer to exclusive breastfeeding at 6 months.  These estimates are lower than the standard measure of exclusive breastfeeding averaged over the first six months.
WHOSIS_000006,Infants exclusively breastfed for the first six months of life (%),http://apps.who.int/gho/indicatorregistry/App_Main/view_indicator.aspx?iid=130,PUBLISHED,Published,,2013,2013,,AMR,Americas,,WB_UMI,Upper-middle-income,,DOM,Dominican Republic,,7,7,,,
WHOSIS_000006,Infants exclusively breastfed for the first six months of life (%),http://apps.who.int/gho/indicatorregistry/App_Main/view_indicator.aspx?iid=130,PUBLISHED,Published,,2010,2010,,AFR,Africa,,WB_LI,Low-income,,GMB,Gambia,,34,34,,,
WHS_PBR,Preterm birth rate (per 100 live births),http://apps.who.int/gho/indicatorregistry/App_Main/view_indicator.aspx?iid=4420,PUBLISHED,Published,,2010,2010,,AFR,Africa,,,,,LSO,Lesotho,,12,12,,,
WHS_PBR,Preterm birth rate (per 100 live births),http://apps.who.int/gho/indicatorregistry/App_Main/view_indicator.aspx?iid=4420,PUBLISHED,Published,,2010,2010,,AFR,Africa,,,,,SYC,Seychelles,,12,12,,,
WHOSIS_000006,Infants exclusively breastfed for the first six months of life (%),http://apps.who.int/gho/indicatorregistry/App_Main/view_indicator.aspx?iid=130,PUBLISHED,Published,,2012,2012,,EUR,Europe,,WB_HI,High-income,,BEL,Belgium,,12,12,,,Data refer to exclusive breastfeeding at 6 months.  These estimates are lower than the standard measure of exclusive breastfeeding averaged over the first six months.
WHS_PBR,Preterm birth rate (per 100 live births),http://apps.who.int/gho/indicatorregistry/App_Main/view_indicator.aspx?iid=4420,PUBLISHED,Published,,2010,2010,,EUR,Europe,,,,,ALB,Albania,,9,9,,,
WHS_PBR,Preterm birth rate (per 100 live births),http://apps.who.int/gho/indicatorregistry/App_Main/view_indicator.aspx?iid=4420,PUBLISHED,Published,,2010,2010,,WPR,Western Pacific,,,,,KHM,Cambodia,,11,11,,,
WHOSIS_000006,Infants exclusively breastfed for the first six months of life (%),http://apps.who.int/gho/indicatorregistry/App_Main/view_indicator.aspx?iid=130,PUBLISHED,Published,,2010,2010,,AFR,Africa,,WB_LI,Low-income,,RWA,Rwanda,,85,85,,,
WHOSIS_000006,Infants exclusively breastfed for the first six months of life (%),http://apps.who.int/gho/indicatorregistry/App_Main/view_indicator.aspx?iid=130,PUBLISHED,Published,,2012,2012,,AFR,Africa,,WB_UMI,Upper-middle-income,,GAB,Gabon,,6,6,,,
WHS_PBR,Preterm birth rate (per 100 live births),http://apps.who.int/gho/indicatorregistry/App_Main/view_indicator.aspx?iid=4420,PUBLISHED,Published,,2010,2010,,AMR,Americas,,,,,JAM,Jamaica,,10,10,,,
WHS_PBR,Preterm birth rate (per 100 live births),http://apps.who.int/gho/indicatorregistry/App_Main/view_indicator.aspx?iid=4420,PUBLISHED,Published,,2010,2010,,AFR,Africa,,,,,ZAF,South Africa,,8,8,,,
WHS_PBR,Preterm birth rate (per 100 live births),http://apps.who.int/gho/indicatorregistry/App_Main/view_indicator.aspx?iid=4420,PUBLISHED,Published,,2010,2010,,EUR,Europe,,,,,CYP,Cyprus,,15,15,,,
WHOSIS_000006,Infants exclusively breastfed for the first six months of life (%),http://apps.who.int/gho/indicatorregistry/App_Main/view_indicator.aspx?iid=130,PUBLISHED,Published,,2010-2011,2010-2011,,EMR,Eastern Mediterranean,,WB_LMI,Lower-middle-income,,IRN,Iran (Islamic Republic of),,53,53,,,
WHOSIS_000006,Infants exclusively breastfed for the first six months of life (%),http://apps.who.int/gho/indicatorregistry/App_Main/view_indicator.aspx?iid=130,PUBLISHED,Published,,2011,2011,,AFR,Africa,,WB_HI,High-income,,GNQ,Equatorial Guinea,,7,7,,,
WHOSIS_000006,Infants exclusively breastfed for the first six months of life (%),http://apps.who.int/gho/indicatorregistry/App_Main/view_indicator.aspx?iid=130,PUBLISHED,Published,,2013,2013,,AMR,Americas,,WB_UMI,Upper-middle-income,,PER,Peru,,72,72,,,
WHS_PBR,Preterm birth rate (per 100 live births),http://apps.who.int/gho/indicatorregistry/App_Main/view_indicator.aspx?iid=4420,PUBLISHED,Published,,2010,2010,,EUR,Europe,,,,,TKM,Turkmenistan,,10,10,,,
WHOSIS_000006,Infants exclusively breastfed for the first six months of life (%),http://apps.who.int/gho/indicatorregistry/App_Main/view_indicator.aspx?iid=130,PUBLISHED,Published,,2007,2007,,EUR,Europe,,WB_HI,High-income,,HUN,Hungary,,44,44,,,Data refer to exclusive breastfeeding at 6 months.  These estimates are lower than the standard measure of exclusive breastfeeding averaged over the first six months.
WHOSIS_000006,Infants exclusively breastfed for the first six months of life (%),http://apps.who.int/gho/indicatorregistry/App_Main/view_indicator.aspx?iid=130,PUBLISHED,Published,,2007,2007,,AFR,Africa,,WB_LI,Low-income,,ZMB,Zambia,,61,61,,,
WHS_PBR,Preterm birth rate (per 100 live births),http://apps.who.int/gho/indicatorregistry/App_Main/view_indicator.aspx?iid=4420,PUBLISHED,Published,,2010,2010,,AFR,Africa,,,,,GIN,Guinea,,14,14,,,
WHS_PBR,Preterm birth rate (per 100 live births),http://apps.who.int/gho/indicatorregistry/App_Main/view_indicator.aspx?iid=4420,PUBLISHED,Published,,2010,2010,,WPR,Western Pacific,,,,,CHN,China,,7,7,,,
WHS_PBR,Preterm birth rate (per 100 live births),http://apps.who.int/gho/indicatorregistry/App_Main/view_indicator.aspx?iid=4420,PUBLISHED,Published,,2010,2010,,WPR,Western Pacific,,,,,FJI,Fiji,,10,10,,,
WHS_PBR,Preterm birth rate (per 100 live births),http://apps.who.int/gho/indicatorregistry/App_Main/view_indicator.aspx?iid=4420,PUBLISHED,Published,,2010,2010,,AMR,Americas,,,,,PRY,Paraguay,,8,8,,,
WHOSIS_000006,Infants exclusively breastfed for the first six months of life (%),http://apps.who.int/gho/indicatorregistry/App_Main/view_indicator.aspx?iid=130,PUBLISHED,Published,,2006,2006,,EMR,Eastern Mediterranean,,WB_LMI,Lower-middle-income,,DJI,Djibouti,,1,1,,,
WHOSIS_000006,Infants exclusively breastfed for the first six months of life (%),http://apps.who.int/gho/indicatorregistry/App_Main/view_indicator.aspx?iid=130,PUBLISHED,Published,,2010,2010,,AFR,Africa,,WB_LI,Low-income,,MLI,Mali,,20,20,,,
WHS_PBR,Preterm birth rate (per 100 live births),http://apps.who.int/gho/indicatorregistry/App_Main/view_indicator.aspx?iid=4420,PUBLISHED,Published,,2010,2010,,EMR,Eastern Mediterranean,,,,,EGY,Egypt,,7,7,,,
WHOSIS_000006,Infants exclusively breastfed for the first six months of life (%),http://apps.who.int/gho/indicatorregistry/App_Main/view_indicator.aspx?iid=130,PUBLISHED,Published,,2011,2011,,EUR,Europe,,WB_UMI,Upper-middle-income,,LVA,Latvia,,16,16,,,Data refer to exclusive breastfeeding at 6 months.  These estimates are lower than the standard measure of exclusive breastfeeding averaged over the first six months.
WHS_PBR,Preterm birth rate (per 100 live births),http://apps.who.int/gho/indicatorregistry/App_Main/view_indicator.aspx?iid=4420,PUBLISHED,Published,,2010,2010,,WPR,Western Pacific,,,,,VUT,Vanuatu,,13,13,,,
WHS_PBR,Preterm birth rate (per 100 live births),http://apps.who.int/gho/indicatorregistry/App_Main/view_indicator.aspx?iid=4420,PUBLISHED,Published,,2010,2010,,EMR,Eastern Mediterranean,,,,,TUN,Tunisia,,9,9,,,
WHS_PBR,Preterm birth rate (per 100 live births),http://apps.who.int/gho/indicatorregistry/App_Main/view_indicator.aspx?iid=4420,PUBLISHED,Published,,2010,2010,,WPR,Western Pacific,,,,,NZL,New Zealand,,8,8,,,
WHOSIS_000006,Infants exclusively breastfed for the first six months of life (%),http://apps.who.int/gho/indicatorregistry/App_Main/view_indicator.aspx?iid=130,PUBLISHED,Published,,2007,2007,,WPR,Western Pacific,,WB_LMI,Lower-middle-income,,MHL,Marshall Islands,,27,27,,,
WHS_PBR,Preterm birth rate (per 100 live births),http://apps.who.int/gho/indicatorregistry/App_Main/view_indicator.aspx?iid=4420,PUBLISHED,Published,,2010,2010,,AFR,Africa,,,,,BEN,Benin,,11,11,,,
WHOSIS_000006,Infants exclusively breastfed for the first six months of life (%),http://apps.who.int/gho/indicatorregistry/App_Main/view_indicator.aspx?iid=130,PUBLISHED,Published,,2004-2005,2004-2005,,EUR,Europe,,WB_HI,High-income,,MLT,Malta,,36,36,,,Data refer to exclusive breastfeeding at 6 months.  These estimates are lower than the standard measure of exclusive breastfeeding averaged over the first six months.
WHS_PBR,Preterm birth rate (per 100 live births),http://apps.who.int/gho/indicatorregistry/App_Main/view_indicator.aspx?iid=4420,PUBLISHED,Published,,2010,2010,,EUR,Europe,,,,,AZE,Azerbaijan,,9,9,,,
WHS_PBR,Preterm birth rate (per 100 live births),http://apps.who.int/gho/indicatorregistry/App_Main/view_indicator.aspx?iid=4420,PUBLISHED,Published,,2010,2010,,WPR,Western Pacific,,,,,KOR,Republic of Korea,,9,9,,,
WHS_PBR,Preterm birth rate (per 100 live births),http://apps.who.int/gho/indicatorregistry/App_Main/view_indicator.aspx?iid=4420,PUBLISHED,Published,,2010,2010,,AFR,Africa,,,,,TCD,Chad,,13,13,,,
WHS_PBR,Preterm birth rate (per 100 live births),http://apps.who.int/gho/indicatorregistry/App_Main/view_indicator.aspx?iid=4420,PUBLISHED,Published,,2010,2010,,WPR,Western Pacific,,,,,SLB,Solomon Islands,,12,12,,,
WHOSIS_000006,Infants exclusively breastfed for the first six months of life (%),http://apps.who.int/gho/indicatorregistry/App_Main/view_indicator.aspx?iid=130,PUBLISHED,Published,,2010,2010,,WPR,Western Pacific,,WB_LMI,Lower-middle-income,,MNG,Mongolia,,66,66,,,
WHOSIS_000006,Infants exclusively breastfed for the first six months of life (%),http://apps.who.int/gho/indicatorregistry/App_Main/view_indicator.aspx?iid=130,PUBLISHED,Published,,2009-2010,2009-2010,,AMR,Americas,,WB_HI,High-income,,CAN,Canada,,26,26,,,
WHS_PBR,Preterm birth rate (per 100 live births),http://apps.who.int/gho/indicatorregistry/App_Main/view_indicator.aspx?iid=4420,PUBLISHED,Published,,2010,2010,,AFR,Africa,,,,,GNB,Guinea-Bissau,,11,11,,,
WHS_PBR,Preterm birth rate (per 100 live births),http://apps.who.int/gho/indicatorregistry/App_Main/view_indicator.aspx?iid=4420,PUBLISHED,Published,,2010,2010,,AFR,Africa,,,,,UGA,Uganda,,14,14,,,
WHS_PBR,Preterm birth rate (per 100 live births),http://apps.who.int/gho/indicatorregistry/App_Main/view_indicator.aspx?iid=4420,PUBLISHED,Published,,2010,2010,,EUR,Europe,,,,,MKD,The former Yugoslav republic of Macedonia,,7,7,,,
WHS_PBR,Preterm birth rate (per 100 live births),http://apps.who.int/gho/indicatorregistry/App_Main/view_indicator.aspx?iid=4420,PUBLISHED,Published,,2010,2010,,AMR,Americas,,,,,COL,Colombia,,9,9,,,
WHOSIS_000006,Infants exclusively breastfed for the first six months of life (%),http://apps.who.int/gho/indicatorregistry/App_Main/view_indicator.aspx?iid=130,PUBLISHED,Published,,2011,2011,,AMR,Americas,,WB_UMI,Upper-middle-income,,JAM,Jamaica,,24,24,,,
WHOSIS_000006,Infants exclusively breastfed for the first six months of life (%),http://apps.who.int/gho/indicatorregistry/App_Main/view_indicator.aspx?iid=130,PUBLISHED,Published,,2011,2011,,AFR,Africa,,WB_LMI,Lower-middle-income,,CMR,Cameroon,,20,20,,,
WHOSIS_000006,Infants exclusively breastfed for the first six months of life (%),http://apps.who.int/gho/indicatorregistry/App_Main/view_indicator.aspx?iid=130,PUBLISHED,Published,,2013,2013,,EUR,Europe,,WB_UMI,Upper-middle-income,,POL,Poland,,4,4,,,
WHS_PBR,Preterm birth rate (per 100 live births),http://apps.who.int/gho/indicatorregistry/App_Main/view_indicator.aspx?iid=4420,PUBLISHED,Published,,2010,2010,,EMR,Eastern Mediterranean,,,,,JOR,Jordan,,14,14,,,
WHS_PBR,Preterm birth rate (per 100 live births),http://apps.who.int/gho/indicatorregistry/App_Main/view_indicator.aspx?iid=4420,PUBLISHED,Published,,2010,2010,,AMR,Americas,,,,,MEX,Mexico,,7,7,,,
WHS_PBR,Preterm birth rate (per 100 live births),http://apps.who.int/gho/indicatorregistry/App_Main/view_indicator.aspx?iid=4420,PUBLISHED,Published,,2010,2010,,EUR,Europe,,,,,UZB,Uzbekistan,,9,9,,,
WHOSIS_000006,Infants exclusively breastfed for the first six months of life (%),http://apps.who.int/gho/indicatorregistry/App_Main/view_indicator.aspx?iid=130,PUBLISHED,Published,,2008-2009,2008-2009,,AMR,Americas,,WB_LMI,Lower-middle-income,,GTM,Guatemala,,50,50,,,
WHOSIS_000006,Infants exclusively breastfed for the first six months of life (%),http://apps.who.int/gho/indicatorregistry/App_Main/view_indicator.aspx?iid=130,PUBLISHED,Published,,2006,2006,,EUR,Europe,,WB_HI,High-income,,IRL,Ireland,,15,15,,,
WHS_PBR,Preterm birth rate (per 100 live births),http://apps.who.int/gho/indicatorregistry/App_Main/view_indicator.aspx?iid=4420,PUBLISHED,Published,,2010,2010,,AMR,Americas,,,,,PAN,Panama,,8,8,,,
WHOSIS_000006,Infants exclusively breastfed for the first six months of life (%),http://apps.who.int/gho/indicatorregistry/App_Main/view_indicator.aspx?iid=130,PUBLISHED,Published,,2010,2010,,EUR,Europe,,WB_HI,High-income,,NLD,Netherlands,,18,18,,,Data refer to exclusive breastfeeding at 6 months.  These estimates are lower than the standard measure of exclusive breastfeeding averaged over the first six months.
WHOSIS_000006,Infants exclusively breastfed for the first six months of life (%),http://apps.who.int/gho/indicatorregistry/App_Main/view_indicator.aspx?iid=130,PUBLISHED,Published,,2007,2007,,WPR,Western Pacific,,WB_HI,High-income,,NRU,Nauru,,67,67,,,
WHOSIS_000006,Infants exclusively breastfed for the first six months of life (%),http://apps.who.int/gho/indicatorregistry/App_Main/view_indicator.aspx?iid=130,PUBLISHED,Published,,2010-2011,2010-2011,,AFR,Africa,,WB_LI,Low-income,,ZWE,Zimbabwe,,31,31,,,
WHS_PBR,Preterm birth rate (per 100 live births),http://apps.who.int/gho/indicatorregistry/App_Main/view_indicator.aspx?iid=4420,PUBLISHED,Published,,2010,2010,,AMR,Americas,,,,,ECU,Ecuador,,5,5,,,
WHOSIS_000006,Infants exclusively breastfed for the first six months of life (%),http://apps.who.int/gho/indicatorregistry/App_Main/view_indicator.aspx?iid=130,PUBLISHED,Published,,2009,2009,,EUR,Europe,,WB_HI,High-income,,GRC,Greece,,1,1,,,Data refer to exclusive breastfeeding at 6 months.  These estimates are lower than the standard measure of exclusive breastfeeding averaged over the first six months.
WHS_PBR,Preterm birth rate (per 100 live births),http://apps.who.int/gho/indicatorregistry/App_Main/view_indicator.aspx?iid=4420,PUBLISHED,Published,,2010,2010,,WPR,Western Pacific,,,,,AUS,Australia,,8,8,,,
WHS_PBR,Preterm birth rate (per 100 live births),http://apps.who.int/gho/indicatorregistry/App_Main/view_indicator.aspx?iid=4420,PUBLISHED,Published,,2010,2010,,EUR,Europe,,,,,FRA,France,,7,7,,,
WHOSIS_000006,Infants exclusively breastfed for the first six months of life (%),http://apps.who.int/gho/indicatorregistry/App_Main/view_indicator.aspx?iid=130,PUBLISHED,Published,,2011,2011,,AMR,Americas,,WB_UMI,Upper-middle-income,,CRI,Costa Rica,,33,33,,,
WHOSIS_000006,Infants exclusively breastfed for the first six months of life (%),http://apps.who.int/gho/indicatorregistry/App_Main/view_indicator.aspx?iid=130,PUBLISHED,Published,,2010-2011,2010-2011,,EUR,Europe,,WB_UMI,Upper-middle-income,,KAZ,Kazakhstan,,32,32,,,
WHS_PBR,Preterm birth rate (per 100 live births),http://apps.who.int/gho/indicatorregistry/App_Main/view_indicator.aspx?iid=4420,PUBLISHED,Published,,2010,2010,,AMR,Americas,,,,,USA,United States of America,,12,12,,,
WHS_PBR,Preterm birth rate (per 100 live births),http://apps.who.int/gho/indicatorregistry/App_Main/view_indicator.aspx?iid=4420,PUBLISHED,Published,,2010,2010,,AFR,Africa,,,,,DZA,Algeria,,7,7,,,
WHOSIS_000006,Infants exclusively breastfed for the first six months of life (%),http://apps.who.int/gho/indicatorregistry/App_Main/view_indicator.aspx?iid=130,PUBLISHED,Published,,2009,2009,,AMR,Americas,,WB_LMI,Lower-middle-income,,GUY,Guyana,,33,33,,,
WHOSIS_000006,Infants exclusively breastfed for the first six months of life (%),http://apps.who.int/gho/indicatorregistry/App_Main/view_indicator.aspx?iid=130,PUBLISHED,Published,,2011,2011,,EUR,Europe,,WB_HI,High-income,,ISL,Iceland,,13,13,,,Data refer to exclusive breastfeeding at 6 months.  These estimates are lower than the standard measure of exclusive breastfeeding averaged over the first six months.
WHS_PBR,Preterm birth rate (per 100 live births),http://apps.who.int/gho/indicatorregistry/App_Main/view_indicator.aspx?iid=4420,PUBLISHED,Published,,2010,2010,,AFR,Africa,,,,,MLI,Mali,,12,12,,,
WHS_PBR,Preterm birth rate (per 100 live births),http://apps.who.int/gho/indicatorregistry/App_Main/view_indicator.aspx?iid=4420,PUBLISHED,Published,,2010,2010,,AFR,Africa,,,,,BFA,Burkina Faso,,11,11,,,
WHOSIS_000006,Infants exclusively breastfed for the first six months of life (%),http://apps.who.int/gho/indicatorregistry/App_Main/view_indicator.aspx?iid=130,PUBLISHED,Published,,2011,2011,,EMR,Eastern Mediterranean,,WB_LMI,Lower-middle-income,,IRQ,Iraq,,20,20,,,
WHS_PBR,Preterm birth rate (per 100 live births),http://apps.who.int/gho/indicatorregistry/App_Main/view_indicator.aspx?iid=4420,PUBLISHED,Published,,2010,2010,,EMR,Eastern Mediterranean,,,,,AFG,Afghanistan,,12,12,,,
WHS_PBR,Preterm birth rate (per 100 live births),http://apps.who.int/gho/indicatorregistry/App_Main/view_indicator.aspx?iid=4420,PUBLISHED,Published,,2010,2010,,AFR,Africa,,,,,LBR,Liberia,,14,14,,,
WHOSIS_000006,Infants exclusively breastfed for the first six months of life (%),http://apps.who.int/gho/indicatorregistry/App_Main/view_indicator.aspx?iid=130,PUBLISHED,Published,,2011,2011,,AFR,Africa,,WB_LI,Low-income,,MRT,Mauritania,,27,27,,,
WHS_PBR,Preterm birth rate (per 100 live births),http://apps.who.int/gho/indicatorregistry/App_Main/view_indicator.aspx?iid=4420,PUBLISHED,Published,,2010,2010,,EUR,Europe,,,,,SRB,Serbia,,7,7,,,
WHOSIS_000006,Infants exclusively breastfed for the first six months of life (%),http://apps.who.int/gho/indicatorregistry/App_Main/view_indicator.aspx?iid=130,PUBLISHED,Published,,2008,2008,,WPR,Western Pacific,,WB_LMI,Lower-middle-income,,PHL,Philippines,,34,34,,,
WHOSIS_000006,Infants exclusively breastfed for the first six months of life (%),http://apps.who.int/gho/indicatorregistry/App_Main/view_indicator.aspx?iid=130,PUBLISHED,Published,,2009,2009,,EUR,Europe,,WB_LMI,Lower-middle-income,,GEO,Georgia,,55,55,,,
WHS_PBR,Preterm birth rate (per 100 live births),http://apps.who.int/gho/indicatorregistry/App_Main/view_indicator.aspx?iid=4420,PUBLISHED,Published,,2010,2010,,WPR,Western Pacific,,,,,MYS,Malaysia,,12,12,,,
WHOSIS_000006,Infants exclusively breastfed for the first six months of life (%),http://apps.who.int/gho/indicatorregistry/App_Main/view_indicator.aspx?iid=130,PUBLISHED,Published,,2006,2006,,WPR,Western Pacific,,WB_LMI,Lower-middle-income,,PNG,Papua New Guinea,,56,56,,,
WHOSIS_000006,Infants exclusively breastfed for the first six months of life (%),http://apps.who.int/gho/indicatorregistry/App_Main/view_indicator.aspx?iid=130,PUBLISHED,Published,,2008,2008,,WPR,Western Pacific,,WB_LMI,Lower-middle-income,,CHN,China,,28,28,,,
WHS_PBR,Preterm birth rate (per 100 live births),http://apps.who.int/gho/indicatorregistry/App_Main/view_indicator.aspx?iid=4420,PUBLISHED,Published,,2010,2010,,EUR,Europe,,,,,AUT,Austria,,11,11,,,
WHS_PBR,Preterm birth rate (per 100 live births),http://apps.who.int/gho/indicatorregistry/App_Main/view_indicator.aspx?iid=4420,PUBLISHED,Published,,2010,2010,,AFR,Africa,,,,,GAB,Gabon,,16,16,,,
WHOSIS_000006,Infants exclusively breastfed for the first six months of life (%),http://apps.who.int/gho/indicatorregistry/App_Main/view_indicator.aspx?iid=130,PUBLISHED,Published,,2012,2012,,AMR,Americas,,WB_HI,High-income,,BRB,Barbados,,20,20,,,
WHS_PBR,Preterm birth rate (per 100 live births),http://apps.who.int/gho/indicatorregistry/App_Main/view_indicator.aspx?iid=4420,PUBLISHED,Published,,2010,2010,,EUR,Europe,,,,,CZE,Czech Republic,,7,7,,,
WHS_PBR,Preterm birth rate (per 100 live births),http://apps.who.int/gho/indicatorregistry/App_Main/view_indicator.aspx?iid=4420,PUBLISHED,Published,,2010,2010,,EUR,Europe,,,,,LVA,Latvia,,5,5,,,
WHS_PBR,Preterm birth rate (per 100 live births),http://apps.who.int/gho/indicatorregistry/App_Main/view_indicator.aspx?iid=4420,PUBLISHED,Published,,2010,2010,,EUR,Europe,,,,,ISL,Iceland,,7,7,,,
WHS_PBR,Preterm birth rate (per 100 live births),http://apps.who.int/gho/indicatorregistry/App_Main/view_indicator.aspx?iid=4420,PUBLISHED,Published,,2010,2010,,SEAR,South-East Asia,,,,,THA,Thailand,,12,12,,,
